{
    "counter": {
        "ACTIVE": 51079,
        "INACTIVE": 69,
        "INVALID": 0,
        "MALICIOUS": 0,
        "SANE": 0,
        "VALID": 0,
        "total": 51148
    },
    "percentage": {
        "ACTIVE": 99.86509736451083,
        "INACTIVE": 0.9763690391962643,
        "INVALID": 0,
        "MALICIOUS": 0,
        "SANE": 0,
        "VALID": 0,
        "total": 100.8414664037071
    }
}