{
    "counter": {
        "ACTIVE": 72476,
        "INACTIVE": 69,
        "INVALID": 0,
        "MALICIOUS": 0,
        "SANE": 0,
        "VALID": 0,
        "total": 72545
    },
    "percentage": {
        "ACTIVE": 99.90488662209663,
        "INACTIVE": 0.9763690391962643,
        "INVALID": 0,
        "MALICIOUS": 0,
        "SANE": 0,
        "VALID": 0,
        "total": 100.8812556612929
    }
}