{
    "counter": {
        "ACTIVE": 186927,
        "INACTIVE": 69,
        "INVALID": 0,
        "MALICIOUS": 0,
        "SANE": 0,
        "VALID": 0,
        "total": 186996
    },
    "percentage": {
        "ACTIVE": 99.9631008149907,
        "INACTIVE": 0.9763690391962643,
        "INVALID": 0,
        "MALICIOUS": 0,
        "SANE": 0,
        "VALID": 0,
        "total": 100.93946985418697
    }
}