{
    "counter": {
        "ACTIVE": 159311,
        "INACTIVE": 69,
        "INVALID": 0,
        "MALICIOUS": 0,
        "SANE": 0,
        "VALID": 0,
        "total": 159380
    },
    "percentage": {
        "ACTIVE": 99.95670724055717,
        "INACTIVE": 0.9763690391962643,
        "INVALID": 0,
        "MALICIOUS": 0,
        "SANE": 0,
        "VALID": 0,
        "total": 100.93307627975344
    }
}