{
    "counter": {
        "ACTIVE": 169073,
        "INACTIVE": 69,
        "INVALID": 0,
        "MALICIOUS": 0,
        "SANE": 0,
        "VALID": 0,
        "total": 169142
    },
    "percentage": {
        "ACTIVE": 99.9592058743541,
        "INACTIVE": 0.9763690391962643,
        "INVALID": 0,
        "MALICIOUS": 0,
        "SANE": 0,
        "VALID": 0,
        "total": 100.93557491355037
    }
}