{
    "counter": {
        "ACTIVE": 87077,
        "INACTIVE": 69,
        "INVALID": 0,
        "MALICIOUS": 0,
        "SANE": 0,
        "VALID": 0,
        "total": 87146
    },
    "percentage": {
        "ACTIVE": 99.92082252771212,
        "INACTIVE": 0.9763690391962643,
        "INVALID": 0,
        "MALICIOUS": 0,
        "SANE": 0,
        "VALID": 0,
        "total": 100.89719156690839
    }
}