{
    "counter": {
        "ACTIVE": 189527,
        "INACTIVE": 69,
        "INVALID": 0,
        "MALICIOUS": 0,
        "SANE": 0,
        "VALID": 0,
        "total": 189596
    },
    "percentage": {
        "ACTIVE": 99.96360682714825,
        "INACTIVE": 0.9763690391962643,
        "INVALID": 0,
        "MALICIOUS": 0,
        "SANE": 0,
        "VALID": 0,
        "total": 100.93997586634453
    }
}