{
    "counter": {
        "ACTIVE": 181296,
        "INACTIVE": 69,
        "INVALID": 0,
        "MALICIOUS": 0,
        "SANE": 0,
        "VALID": 0,
        "total": 181365
    },
    "percentage": {
        "ACTIVE": 99.96195517326937,
        "INACTIVE": 0.9763690391962643,
        "INVALID": 0,
        "MALICIOUS": 0,
        "SANE": 0,
        "VALID": 0,
        "total": 100.93832421246564
    }
}