{
    "counter": {
        "ACTIVE": 3070,
        "INACTIVE": 1678,
        "INVALID": 1,
        "MALICIOUS": 0,
        "SANE": 0,
        "VALID": 0,
        "total": 4749
    },
    "percentage": {
        "ACTIVE": 64.64518846072858,
        "INACTIVE": 35.35608933839023,
        "INVALID": 0.03645643456069996,
        "MALICIOUS": 0,
        "SANE": 0,
        "VALID": 0,
        "total": 100.03773423367952
    }
}