{
    "counter": {
        "ACTIVE": 69397,
        "INACTIVE": 69,
        "INVALID": 0,
        "MALICIOUS": 0,
        "SANE": 0,
        "VALID": 0,
        "total": 69466
    },
    "percentage": {
        "ACTIVE": 99.90067083177382,
        "INACTIVE": 0.9763690391962643,
        "INVALID": 0,
        "MALICIOUS": 0,
        "SANE": 0,
        "VALID": 0,
        "total": 100.8770398709701
    }
}