{
    "counter": {
        "ACTIVE": 175464,
        "INACTIVE": 69,
        "INVALID": 0,
        "MALICIOUS": 0,
        "SANE": 0,
        "VALID": 0,
        "total": 175533
    },
    "percentage": {
        "ACTIVE": 99.96069115209106,
        "INACTIVE": 0.9763690391962643,
        "INVALID": 0,
        "MALICIOUS": 0,
        "SANE": 0,
        "VALID": 0,
        "total": 100.93706019128733
    }
}