{
    "counter": {
        "ACTIVE": 162978,
        "INACTIVE": 69,
        "INVALID": 0,
        "MALICIOUS": 0,
        "SANE": 0,
        "VALID": 0,
        "total": 163047
    },
    "percentage": {
        "ACTIVE": 99.95768091409225,
        "INACTIVE": 0.9763690391962643,
        "INVALID": 0,
        "MALICIOUS": 0,
        "SANE": 0,
        "VALID": 0,
        "total": 100.93404995328852
    }
}