{
    "counter": {
        "ACTIVE": 167004,
        "INACTIVE": 69,
        "INVALID": 0,
        "MALICIOUS": 0,
        "SANE": 0,
        "VALID": 0,
        "total": 167073
    },
    "percentage": {
        "ACTIVE": 99.95870068772334,
        "INACTIVE": 0.9763690391962643,
        "INVALID": 0,
        "MALICIOUS": 0,
        "SANE": 0,
        "VALID": 0,
        "total": 100.93506972691961
    }
}