{
    "counter": {
        "ACTIVE": 156231,
        "INACTIVE": 69,
        "INVALID": 0,
        "MALICIOUS": 0,
        "SANE": 0,
        "VALID": 0,
        "total": 156300
    },
    "percentage": {
        "ACTIVE": 99.95585412667947,
        "INACTIVE": 0.9763690391962643,
        "INVALID": 0,
        "MALICIOUS": 0,
        "SANE": 0,
        "VALID": 0,
        "total": 100.93222316587574
    }
}