{
    "counter": {
        "ACTIVE": 5530,
        "INACTIVE": 3,
        "INVALID": 0,
        "MALICIOUS": 0,
        "SANE": 0,
        "VALID": 0,
        "total": 5533
    },
    "percentage": {
        "ACTIVE": 99.945779866257,
        "INACTIVE": 0.056179775280898875,
        "INVALID": 0,
        "MALICIOUS": 0,
        "SANE": 0,
        "VALID": 0,
        "total": 100.0019596415379
    }
}