{
    "counter": {
        "ACTIVE": 172374,
        "INACTIVE": 69,
        "INVALID": 0,
        "MALICIOUS": 0,
        "SANE": 0,
        "VALID": 0,
        "total": 172443
    },
    "percentage": {
        "ACTIVE": 99.95998677823977,
        "INACTIVE": 0.9763690391962643,
        "INVALID": 0,
        "MALICIOUS": 0,
        "SANE": 0,
        "VALID": 0,
        "total": 100.93635581743604
    }
}