{
    "counter": {
        "ACTIVE": 170253,
        "INACTIVE": 69,
        "INVALID": 0,
        "MALICIOUS": 0,
        "SANE": 0,
        "VALID": 0,
        "total": 170322
    },
    "percentage": {
        "ACTIVE": 99.95948849825625,
        "INACTIVE": 0.9763690391962643,
        "INVALID": 0,
        "MALICIOUS": 0,
        "SANE": 0,
        "VALID": 0,
        "total": 100.93585753745252
    }
}