{
    "counter": {
        "ACTIVE": 183403,
        "INACTIVE": 69,
        "INVALID": 0,
        "MALICIOUS": 0,
        "SANE": 0,
        "VALID": 0,
        "total": 183472
    },
    "percentage": {
        "ACTIVE": 99.96239208162554,
        "INACTIVE": 0.9763690391962643,
        "INVALID": 0,
        "MALICIOUS": 0,
        "SANE": 0,
        "VALID": 0,
        "total": 100.93876112082181
    }
}