{
    "counter": {
        "ACTIVE": 157477,
        "INACTIVE": 69,
        "INVALID": 0,
        "MALICIOUS": 0,
        "SANE": 0,
        "VALID": 0,
        "total": 157546
    },
    "percentage": {
        "ACTIVE": 99.95620326761707,
        "INACTIVE": 0.9763690391962643,
        "INVALID": 0,
        "MALICIOUS": 0,
        "SANE": 0,
        "VALID": 0,
        "total": 100.93257230681334
    }
}