{
    "counter": {
        "ACTIVE": 105812,
        "INACTIVE": 69,
        "INVALID": 0,
        "MALICIOUS": 0,
        "SANE": 0,
        "VALID": 0,
        "total": 105881
    },
    "percentage": {
        "ACTIVE": 99.93483250063751,
        "INACTIVE": 0.9763690391962643,
        "INVALID": 0,
        "MALICIOUS": 0,
        "SANE": 0,
        "VALID": 0,
        "total": 100.91120153983378
    }
}