{
    "counter": {
        "ACTIVE": 3600,
        "INACTIVE": 2072,
        "INVALID": 1,
        "MALICIOUS": 0,
        "SANE": 0,
        "VALID": 0,
        "total": 5673
    },
    "percentage": {
        "ACTIVE": 63.48086757185681,
        "INACTIVE": 36.523885069628065,
        "INVALID": 0.03645643456069996,
        "MALICIOUS": 0,
        "SANE": 0,
        "VALID": 0,
        "total": 100.04120907604559
    }
}