{
    "counter": {
        "ACTIVE": 136134,
        "INACTIVE": 69,
        "INVALID": 0,
        "MALICIOUS": 0,
        "SANE": 0,
        "VALID": 0,
        "total": 136203
    },
    "percentage": {
        "ACTIVE": 99.94934032290038,
        "INACTIVE": 0.9763690391962643,
        "INVALID": 0,
        "MALICIOUS": 0,
        "SANE": 0,
        "VALID": 0,
        "total": 100.92570936209665
    }
}