{
    "counter": {
        "ACTIVE": 162021,
        "INACTIVE": 69,
        "INVALID": 0,
        "MALICIOUS": 0,
        "SANE": 0,
        "VALID": 0,
        "total": 162090
    },
    "percentage": {
        "ACTIVE": 99.95743105682028,
        "INACTIVE": 0.9763690391962643,
        "INVALID": 0,
        "MALICIOUS": 0,
        "SANE": 0,
        "VALID": 0,
        "total": 100.93380009601655
    }
}