{
    "counter": {
        "ACTIVE": 4179,
        "INACTIVE": 1,
        "INVALID": 0,
        "MALICIOUS": 0,
        "SANE": 0,
        "VALID": 0,
        "total": 4180
    },
    "percentage": {
        "ACTIVE": 99.97607655502392,
        "INACTIVE": 0.14727540500736377,
        "INVALID": 0,
        "MALICIOUS": 0,
        "SANE": 0,
        "VALID": 0,
        "total": 100.12335196003129
    }
}