{
    "counter": {
        "ACTIVE": 147121,
        "INACTIVE": 69,
        "INVALID": 0,
        "MALICIOUS": 0,
        "SANE": 0,
        "VALID": 0,
        "total": 147190
    },
    "percentage": {
        "ACTIVE": 99.95312181534072,
        "INACTIVE": 0.9763690391962643,
        "INVALID": 0,
        "MALICIOUS": 0,
        "SANE": 0,
        "VALID": 0,
        "total": 100.929490854537
    }
}