{
    "counter": {
        "ACTIVE": 124666,
        "INACTIVE": 69,
        "INVALID": 0,
        "MALICIOUS": 0,
        "SANE": 0,
        "VALID": 0,
        "total": 124735
    },
    "percentage": {
        "ACTIVE": 99.94468272738204,
        "INACTIVE": 0.9763690391962643,
        "INVALID": 0,
        "MALICIOUS": 0,
        "SANE": 0,
        "VALID": 0,
        "total": 100.92105176657832
    }
}