{
    "counter": {
        "ACTIVE": 8281,
        "INACTIVE": 2,
        "INVALID": 0,
        "MALICIOUS": 0,
        "SANE": 0,
        "VALID": 0,
        "total": 8283
    },
    "percentage": {
        "ACTIVE": 99.97585415912108,
        "INACTIVE": 0.05630630630630631,
        "INVALID": 0,
        "MALICIOUS": 0,
        "SANE": 0,
        "VALID": 0,
        "total": 100.0321604654274
    }
}