{
    "counter": {
        "ACTIVE": 7838,
        "INACTIVE": 5,
        "INVALID": 0,
        "MALICIOUS": 0,
        "SANE": 0,
        "VALID": 0,
        "total": 7843
    },
    "percentage": {
        "ACTIVE": 99.93624888435548,
        "INACTIVE": 0.06732193348592971,
        "INVALID": 0,
        "MALICIOUS": 0,
        "SANE": 0,
        "VALID": 0,
        "total": 100.0035708178414
    }
}