{
    "counter": {
        "ACTIVE": 142826,
        "INACTIVE": 69,
        "INVALID": 0,
        "MALICIOUS": 0,
        "SANE": 0,
        "VALID": 0,
        "total": 142895
    },
    "percentage": {
        "ACTIVE": 99.95171279610904,
        "INACTIVE": 0.9763690391962643,
        "INVALID": 0,
        "MALICIOUS": 0,
        "SANE": 0,
        "VALID": 0,
        "total": 100.9280818353053
    }
}