{
    "counter": {
        "ACTIVE": 18479,
        "INACTIVE": 69,
        "INVALID": 0,
        "MALICIOUS": 0,
        "SANE": 0,
        "VALID": 0,
        "total": 18548
    },
    "percentage": {
        "ACTIVE": 99.62799223635972,
        "INACTIVE": 0.9763690391962643,
        "INVALID": 0,
        "MALICIOUS": 0,
        "SANE": 0,
        "VALID": 0,
        "total": 100.60436127555599
    }
}