{
    "counter": {
        "ACTIVE": 184535,
        "INACTIVE": 69,
        "INVALID": 0,
        "MALICIOUS": 0,
        "SANE": 0,
        "VALID": 0,
        "total": 184604
    },
    "percentage": {
        "ACTIVE": 99.9626226950662,
        "INACTIVE": 0.9763690391962643,
        "INVALID": 0,
        "MALICIOUS": 0,
        "SANE": 0,
        "VALID": 0,
        "total": 100.93899173426247
    }
}