{
    "counter": {
        "ACTIVE": 178093,
        "INACTIVE": 69,
        "INVALID": 0,
        "MALICIOUS": 0,
        "SANE": 0,
        "VALID": 0,
        "total": 178162
    },
    "percentage": {
        "ACTIVE": 99.96127120261335,
        "INACTIVE": 0.9763690391962643,
        "INVALID": 0,
        "MALICIOUS": 0,
        "SANE": 0,
        "VALID": 0,
        "total": 100.93764024180962
    }
}