{
    "counter": {
        "ACTIVE": 154907,
        "INACTIVE": 69,
        "INVALID": 0,
        "MALICIOUS": 0,
        "SANE": 0,
        "VALID": 0,
        "total": 154976
    },
    "percentage": {
        "ACTIVE": 99.95547697708032,
        "INACTIVE": 0.9763690391962643,
        "INVALID": 0,
        "MALICIOUS": 0,
        "SANE": 0,
        "VALID": 0,
        "total": 100.9318460162766
    }
}