{
    "counter": {
        "ACTIVE": 176234,
        "INACTIVE": 69,
        "INVALID": 0,
        "MALICIOUS": 0,
        "SANE": 0,
        "VALID": 0,
        "total": 176303
    },
    "percentage": {
        "ACTIVE": 99.96086283273682,
        "INACTIVE": 0.9763690391962643,
        "INVALID": 0,
        "MALICIOUS": 0,
        "SANE": 0,
        "VALID": 0,
        "total": 100.9372318719331
    }
}