{
    "counter": {
        "ACTIVE": 11704,
        "INACTIVE": 69,
        "INVALID": 0,
        "MALICIOUS": 0,
        "SANE": 0,
        "VALID": 0,
        "total": 11773
    },
    "percentage": {
        "ACTIVE": 99.41391319120021,
        "INACTIVE": 0.9763690391962643,
        "INVALID": 0,
        "MALICIOUS": 0,
        "SANE": 0,
        "VALID": 0,
        "total": 100.39028223039648
    }
}