{
    "counter": {
        "ACTIVE": 3891,
        "INACTIVE": 2374,
        "INVALID": 1,
        "MALICIOUS": 0,
        "SANE": 0,
        "VALID": 0,
        "total": 6266
    },
    "percentage": {
        "ACTIVE": 62.09703159910629,
        "INACTIVE": 37.92332268370607,
        "INVALID": 0.03645643456069996,
        "MALICIOUS": 0,
        "SANE": 0,
        "VALID": 0,
        "total": 100.05681071737305
    }
}