{
    "counter": {
        "ACTIVE": 143248,
        "INACTIVE": 69,
        "INVALID": 0,
        "MALICIOUS": 0,
        "SANE": 0,
        "VALID": 0,
        "total": 143317
    },
    "percentage": {
        "ACTIVE": 99.95185497882316,
        "INACTIVE": 0.9763690391962643,
        "INVALID": 0,
        "MALICIOUS": 0,
        "SANE": 0,
        "VALID": 0,
        "total": 100.92822401801943
    }
}