{
    "counter": {
        "ACTIVE": 170697,
        "INACTIVE": 69,
        "INVALID": 0,
        "MALICIOUS": 0,
        "SANE": 0,
        "VALID": 0,
        "total": 170766
    },
    "percentage": {
        "ACTIVE": 99.95959383015354,
        "INACTIVE": 0.9763690391962643,
        "INVALID": 0,
        "MALICIOUS": 0,
        "SANE": 0,
        "VALID": 0,
        "total": 100.93596286934981
    }
}