{
    "counter": {
        "ACTIVE": 140682,
        "INACTIVE": 69,
        "INVALID": 0,
        "MALICIOUS": 0,
        "SANE": 0,
        "VALID": 0,
        "total": 140751
    },
    "percentage": {
        "ACTIVE": 99.95097725771042,
        "INACTIVE": 0.9763690391962643,
        "INVALID": 0,
        "MALICIOUS": 0,
        "SANE": 0,
        "VALID": 0,
        "total": 100.92734629690669
    }
}