{
    "counter": {
        "ACTIVE": 128469,
        "INACTIVE": 69,
        "INVALID": 0,
        "MALICIOUS": 0,
        "SANE": 0,
        "VALID": 0,
        "total": 128538
    },
    "percentage": {
        "ACTIVE": 99.94631937637119,
        "INACTIVE": 0.9763690391962643,
        "INVALID": 0,
        "MALICIOUS": 0,
        "SANE": 0,
        "VALID": 0,
        "total": 100.92268841556746
    }
}