{
    "counter": {
        "ACTIVE": 185520,
        "INACTIVE": 69,
        "INVALID": 0,
        "MALICIOUS": 0,
        "SANE": 0,
        "VALID": 0,
        "total": 185589
    },
    "percentage": {
        "ACTIVE": 99.9628210723696,
        "INACTIVE": 0.9763690391962643,
        "INVALID": 0,
        "MALICIOUS": 0,
        "SANE": 0,
        "VALID": 0,
        "total": 100.93919011156586
    }
}