{
    "counter": {
        "ACTIVE": 172662,
        "INACTIVE": 69,
        "INVALID": 0,
        "MALICIOUS": 0,
        "SANE": 0,
        "VALID": 0,
        "total": 172731
    },
    "percentage": {
        "ACTIVE": 99.9600534935825,
        "INACTIVE": 0.9763690391962643,
        "INVALID": 0,
        "MALICIOUS": 0,
        "SANE": 0,
        "VALID": 0,
        "total": 100.93642253277878
    }
}