{
    "counter": {
        "ACTIVE": 111216,
        "INACTIVE": 69,
        "INVALID": 0,
        "MALICIOUS": 0,
        "SANE": 0,
        "VALID": 0,
        "total": 111285
    },
    "percentage": {
        "ACTIVE": 99.93799703464079,
        "INACTIVE": 0.9763690391962643,
        "INVALID": 0,
        "MALICIOUS": 0,
        "SANE": 0,
        "VALID": 0,
        "total": 100.91436607383706
    }
}