{
    "counter": {
        "ACTIVE": 174998,
        "INACTIVE": 69,
        "INVALID": 0,
        "MALICIOUS": 0,
        "SANE": 0,
        "VALID": 0,
        "total": 175067
    },
    "percentage": {
        "ACTIVE": 99.96058651830442,
        "INACTIVE": 0.9763690391962643,
        "INVALID": 0,
        "MALICIOUS": 0,
        "SANE": 0,
        "VALID": 0,
        "total": 100.9369555575007
    }
}