{
    "counter": {
        "ACTIVE": 190336,
        "INACTIVE": 69,
        "INVALID": 0,
        "MALICIOUS": 0,
        "SANE": 0,
        "VALID": 0,
        "total": 190405
    },
    "percentage": {
        "ACTIVE": 99.96376145584412,
        "INACTIVE": 0.9763690391962643,
        "INVALID": 0,
        "MALICIOUS": 0,
        "SANE": 0,
        "VALID": 0,
        "total": 100.94013049504039
    }
}