{
    "counter": {
        "ACTIVE": 181182,
        "INACTIVE": 69,
        "INVALID": 0,
        "MALICIOUS": 0,
        "SANE": 0,
        "VALID": 0,
        "total": 181251
    },
    "percentage": {
        "ACTIVE": 99.96193124451727,
        "INACTIVE": 0.9763690391962643,
        "INVALID": 0,
        "MALICIOUS": 0,
        "SANE": 0,
        "VALID": 0,
        "total": 100.93830028371355
    }
}