{
    "counter": {
        "ACTIVE": 190946,
        "INACTIVE": 69,
        "INVALID": 0,
        "MALICIOUS": 0,
        "SANE": 0,
        "VALID": 0,
        "total": 191015
    },
    "percentage": {
        "ACTIVE": 99.96387718242023,
        "INACTIVE": 0.9763690391962643,
        "INVALID": 0,
        "MALICIOUS": 0,
        "SANE": 0,
        "VALID": 0,
        "total": 100.9402462216165
    }
}