{
    "counter": {
        "ACTIVE": 178550,
        "INACTIVE": 69,
        "INVALID": 0,
        "MALICIOUS": 0,
        "SANE": 0,
        "VALID": 0,
        "total": 178619
    },
    "percentage": {
        "ACTIVE": 99.96137029095449,
        "INACTIVE": 0.9763690391962643,
        "INVALID": 0,
        "MALICIOUS": 0,
        "SANE": 0,
        "VALID": 0,
        "total": 100.93773933015076
    }
}