{
    "counter": {
        "ACTIVE": 151741,
        "INACTIVE": 69,
        "INVALID": 0,
        "MALICIOUS": 0,
        "SANE": 0,
        "VALID": 0,
        "total": 151810
    },
    "percentage": {
        "ACTIVE": 99.9545484487188,
        "INACTIVE": 0.9763690391962643,
        "INVALID": 0,
        "MALICIOUS": 0,
        "SANE": 0,
        "VALID": 0,
        "total": 100.93091748791507
    }
}