{
    "counter": {
        "ACTIVE": 171146,
        "INACTIVE": 69,
        "INVALID": 0,
        "MALICIOUS": 0,
        "SANE": 0,
        "VALID": 0,
        "total": 171215
    },
    "percentage": {
        "ACTIVE": 99.95969979265836,
        "INACTIVE": 0.9763690391962643,
        "INVALID": 0,
        "MALICIOUS": 0,
        "SANE": 0,
        "VALID": 0,
        "total": 100.93606883185463
    }
}