{
    "counter": {
        "ACTIVE": 5121,
        "INACTIVE": 303,
        "INVALID": 0,
        "MALICIOUS": 0,
        "SANE": 0,
        "VALID": 0,
        "total": 5424
    },
    "percentage": {
        "ACTIVE": 94.41371681415929,
        "INACTIVE": 5.591437534600479,
        "INVALID": 0,
        "MALICIOUS": 0,
        "SANE": 0,
        "VALID": 0,
        "total": 100.00515434875976
    }
}