{
    "counter": {
        "ACTIVE": 166927,
        "INACTIVE": 69,
        "INVALID": 0,
        "MALICIOUS": 0,
        "SANE": 0,
        "VALID": 0,
        "total": 166996
    },
    "percentage": {
        "ACTIVE": 99.95868164506935,
        "INACTIVE": 0.9763690391962643,
        "INVALID": 0,
        "MALICIOUS": 0,
        "SANE": 0,
        "VALID": 0,
        "total": 100.93505068426562
    }
}