{
    "counter": {
        "ACTIVE": 182894,
        "INACTIVE": 69,
        "INVALID": 0,
        "MALICIOUS": 0,
        "SANE": 0,
        "VALID": 0,
        "total": 182963
    },
    "percentage": {
        "ACTIVE": 99.96228745702683,
        "INACTIVE": 0.9763690391962643,
        "INVALID": 0,
        "MALICIOUS": 0,
        "SANE": 0,
        "VALID": 0,
        "total": 100.9386564962231
    }
}