{
    "counter": {
        "ACTIVE": 117661,
        "INACTIVE": 69,
        "INVALID": 0,
        "MALICIOUS": 0,
        "SANE": 0,
        "VALID": 0,
        "total": 117730
    },
    "percentage": {
        "ACTIVE": 99.94139131912002,
        "INACTIVE": 0.9763690391962643,
        "INVALID": 0,
        "MALICIOUS": 0,
        "SANE": 0,
        "VALID": 0,
        "total": 100.91776035831629
    }
}