{
    "counter": {
        "ACTIVE": 180149,
        "INACTIVE": 69,
        "INVALID": 0,
        "MALICIOUS": 0,
        "SANE": 0,
        "VALID": 0,
        "total": 180218
    },
    "percentage": {
        "ACTIVE": 99.96171303643365,
        "INACTIVE": 0.9763690391962643,
        "INVALID": 0,
        "MALICIOUS": 0,
        "SANE": 0,
        "VALID": 0,
        "total": 100.93808207562992
    }
}