{
    "counter": {
        "ACTIVE": 101175,
        "INACTIVE": 69,
        "INVALID": 0,
        "MALICIOUS": 0,
        "SANE": 0,
        "VALID": 0,
        "total": 101244
    },
    "percentage": {
        "ACTIVE": 99.93184781320375,
        "INACTIVE": 0.9763690391962643,
        "INVALID": 0,
        "MALICIOUS": 0,
        "SANE": 0,
        "VALID": 0,
        "total": 100.90821685240002
    }
}