{
    "counter": {
        "ACTIVE": 162294,
        "INACTIVE": 69,
        "INVALID": 0,
        "MALICIOUS": 0,
        "SANE": 0,
        "VALID": 0,
        "total": 162363
    },
    "percentage": {
        "ACTIVE": 99.95750263298905,
        "INACTIVE": 0.9763690391962643,
        "INVALID": 0,
        "MALICIOUS": 0,
        "SANE": 0,
        "VALID": 0,
        "total": 100.93387167218532
    }
}