{
    "counter": {
        "ACTIVE": 161473,
        "INACTIVE": 69,
        "INVALID": 0,
        "MALICIOUS": 0,
        "SANE": 0,
        "VALID": 0,
        "total": 161542
    },
    "percentage": {
        "ACTIVE": 99.95728664991148,
        "INACTIVE": 0.9763690391962643,
        "INVALID": 0,
        "MALICIOUS": 0,
        "SANE": 0,
        "VALID": 0,
        "total": 100.93365568910775
    }
}