{
    "counter": {
        "ACTIVE": 177165,
        "INACTIVE": 69,
        "INVALID": 0,
        "MALICIOUS": 0,
        "SANE": 0,
        "VALID": 0,
        "total": 177234
    },
    "percentage": {
        "ACTIVE": 99.96106841802363,
        "INACTIVE": 0.9763690391962643,
        "INVALID": 0,
        "MALICIOUS": 0,
        "SANE": 0,
        "VALID": 0,
        "total": 100.9374374572199
    }
}