{
    "counter": {
        "ACTIVE": 123879,
        "INACTIVE": 69,
        "INVALID": 0,
        "MALICIOUS": 0,
        "SANE": 0,
        "VALID": 0,
        "total": 123948
    },
    "percentage": {
        "ACTIVE": 99.94433149385226,
        "INACTIVE": 0.9763690391962643,
        "INVALID": 0,
        "MALICIOUS": 0,
        "SANE": 0,
        "VALID": 0,
        "total": 100.92070053304853
    }
}