{
    "counter": {
        "ACTIVE": 176242,
        "INACTIVE": 69,
        "INVALID": 0,
        "MALICIOUS": 0,
        "SANE": 0,
        "VALID": 0,
        "total": 176311
    },
    "percentage": {
        "ACTIVE": 99.96086460856101,
        "INACTIVE": 0.9763690391962643,
        "INVALID": 0,
        "MALICIOUS": 0,
        "SANE": 0,
        "VALID": 0,
        "total": 100.93723364775728
    }
}