{
    "counter": {
        "ACTIVE": 91646,
        "INACTIVE": 69,
        "INVALID": 0,
        "MALICIOUS": 0,
        "SANE": 0,
        "VALID": 0,
        "total": 91715
    },
    "percentage": {
        "ACTIVE": 99.92476694106743,
        "INACTIVE": 0.9763690391962643,
        "INVALID": 0,
        "MALICIOUS": 0,
        "SANE": 0,
        "VALID": 0,
        "total": 100.9011359802637
    }
}