{
    "counter": {
        "ACTIVE": 182280,
        "INACTIVE": 69,
        "INVALID": 0,
        "MALICIOUS": 0,
        "SANE": 0,
        "VALID": 0,
        "total": 182349
    },
    "percentage": {
        "ACTIVE": 99.96216047250053,
        "INACTIVE": 0.9763690391962643,
        "INVALID": 0,
        "MALICIOUS": 0,
        "SANE": 0,
        "VALID": 0,
        "total": 100.9385295116968
    }
}