{
    "counter": {
        "ACTIVE": 7746,
        "INACTIVE": 564,
        "INVALID": 0,
        "MALICIOUS": 0,
        "SANE": 0,
        "VALID": 0,
        "total": 8310
    },
    "percentage": {
        "ACTIVE": 93.2129963898917,
        "INACTIVE": 6.79027209246328,
        "INVALID": 0,
        "MALICIOUS": 0,
        "SANE": 0,
        "VALID": 0,
        "total": 100.00326848235498
    }
}