{
    "counter": {
        "ACTIVE": 8774,
        "INACTIVE": 5,
        "INVALID": 0,
        "MALICIOUS": 0,
        "SANE": 0,
        "VALID": 0,
        "total": 8779
    },
    "percentage": {
        "ACTIVE": 99.94304590500057,
        "INACTIVE": 0.06732193348592971,
        "INVALID": 0,
        "MALICIOUS": 0,
        "SANE": 0,
        "VALID": 0,
        "total": 100.0103678384865
    }
}