{
    "counter": {
        "ACTIVE": 174113,
        "INACTIVE": 69,
        "INVALID": 0,
        "MALICIOUS": 0,
        "SANE": 0,
        "VALID": 0,
        "total": 174182
    },
    "percentage": {
        "ACTIVE": 99.96038626264482,
        "INACTIVE": 0.9763690391962643,
        "INVALID": 0,
        "MALICIOUS": 0,
        "SANE": 0,
        "VALID": 0,
        "total": 100.93675530184109
    }
}