{
    "counter": {
        "ACTIVE": 185824,
        "INACTIVE": 69,
        "INVALID": 0,
        "MALICIOUS": 0,
        "SANE": 0,
        "VALID": 0,
        "total": 185893
    },
    "percentage": {
        "ACTIVE": 99.96288187290538,
        "INACTIVE": 0.9763690391962643,
        "INVALID": 0,
        "MALICIOUS": 0,
        "SANE": 0,
        "VALID": 0,
        "total": 100.93925091210166
    }
}