{
    "counter": {
        "ACTIVE": 147402,
        "INACTIVE": 69,
        "INVALID": 0,
        "MALICIOUS": 0,
        "SANE": 0,
        "VALID": 0,
        "total": 147471
    },
    "percentage": {
        "ACTIVE": 99.95321113981733,
        "INACTIVE": 0.9763690391962643,
        "INVALID": 0,
        "MALICIOUS": 0,
        "SANE": 0,
        "VALID": 0,
        "total": 100.9295801790136
    }
}