{
    "counter": {
        "ACTIVE": 187699,
        "INACTIVE": 69,
        "INVALID": 0,
        "MALICIOUS": 0,
        "SANE": 0,
        "VALID": 0,
        "total": 187768
    },
    "percentage": {
        "ACTIVE": 99.9632525243918,
        "INACTIVE": 0.9763690391962643,
        "INVALID": 0,
        "MALICIOUS": 0,
        "SANE": 0,
        "VALID": 0,
        "total": 100.93962156358808
    }
}