{
    "counter": {
        "ACTIVE": 178967,
        "INACTIVE": 69,
        "INVALID": 0,
        "MALICIOUS": 0,
        "SANE": 0,
        "VALID": 0,
        "total": 179036
    },
    "percentage": {
        "ACTIVE": 99.96146026497465,
        "INACTIVE": 0.9763690391962643,
        "INVALID": 0,
        "MALICIOUS": 0,
        "SANE": 0,
        "VALID": 0,
        "total": 100.93782930417092
    }
}