{
    "counter": {
        "ACTIVE": 190937,
        "INACTIVE": 69,
        "INVALID": 0,
        "MALICIOUS": 0,
        "SANE": 0,
        "VALID": 0,
        "total": 191006
    },
    "percentage": {
        "ACTIVE": 99.9638754803514,
        "INACTIVE": 0.9763690391962643,
        "INVALID": 0,
        "MALICIOUS": 0,
        "SANE": 0,
        "VALID": 0,
        "total": 100.94024451954768
    }
}