{
    "counter": {
        "ACTIVE": 187443,
        "INACTIVE": 69,
        "INVALID": 0,
        "MALICIOUS": 0,
        "SANE": 0,
        "VALID": 0,
        "total": 187512
    },
    "percentage": {
        "ACTIVE": 99.96320235504928,
        "INACTIVE": 0.9763690391962643,
        "INVALID": 0,
        "MALICIOUS": 0,
        "SANE": 0,
        "VALID": 0,
        "total": 100.93957139424555
    }
}