{
    "counter": {
        "ACTIVE": 144576,
        "INACTIVE": 69,
        "INVALID": 0,
        "MALICIOUS": 0,
        "SANE": 0,
        "VALID": 0,
        "total": 144645
    },
    "percentage": {
        "ACTIVE": 99.95229700300736,
        "INACTIVE": 0.9763690391962643,
        "INVALID": 0,
        "MALICIOUS": 0,
        "SANE": 0,
        "VALID": 0,
        "total": 100.92866604220363
    }
}