{
    "counter": {
        "ACTIVE": 9468,
        "INACTIVE": 5,
        "INVALID": 0,
        "MALICIOUS": 0,
        "SANE": 0,
        "VALID": 0,
        "total": 9473
    },
    "percentage": {
        "ACTIVE": 99.94721841021851,
        "INACTIVE": 0.0589622641509434,
        "INVALID": 0,
        "MALICIOUS": 0,
        "SANE": 0,
        "VALID": 0,
        "total": 100.00618067436946
    }
}