{
    "counter": {
        "ACTIVE": 8701,
        "INACTIVE": 1,
        "INVALID": 0,
        "MALICIOUS": 0,
        "SANE": 0,
        "VALID": 0,
        "total": 8702
    },
    "percentage": {
        "ACTIVE": 99.98850838887613,
        "INACTIVE": 0.02040816326530612,
        "INVALID": 0,
        "MALICIOUS": 0,
        "SANE": 0,
        "VALID": 0,
        "total": 100.00891655214143
    }
}