{
    "counter": {
        "ACTIVE": 145918,
        "INACTIVE": 69,
        "INVALID": 0,
        "MALICIOUS": 0,
        "SANE": 0,
        "VALID": 0,
        "total": 145987
    },
    "percentage": {
        "ACTIVE": 99.95273551754609,
        "INACTIVE": 0.9763690391962643,
        "INVALID": 0,
        "MALICIOUS": 0,
        "SANE": 0,
        "VALID": 0,
        "total": 100.92910455674236
    }
}