{
    "counter": {
        "ACTIVE": 133543,
        "INACTIVE": 69,
        "INVALID": 0,
        "MALICIOUS": 0,
        "SANE": 0,
        "VALID": 0,
        "total": 133612
    },
    "percentage": {
        "ACTIVE": 99.94835793192229,
        "INACTIVE": 0.9763690391962643,
        "INVALID": 0,
        "MALICIOUS": 0,
        "SANE": 0,
        "VALID": 0,
        "total": 100.92472697111856
    }
}