{
    "counter": {
        "ACTIVE": 9541,
        "INACTIVE": 2,
        "INVALID": 0,
        "MALICIOUS": 0,
        "SANE": 0,
        "VALID": 0,
        "total": 9543
    },
    "percentage": {
        "ACTIVE": 99.97904222990674,
        "INACTIVE": 0.05630630630630631,
        "INVALID": 0,
        "MALICIOUS": 0,
        "SANE": 0,
        "VALID": 0,
        "total": 100.03534853621305
    }
}