{
    "counter": {
        "ACTIVE": 118793,
        "INACTIVE": 69,
        "INVALID": 0,
        "MALICIOUS": 0,
        "SANE": 0,
        "VALID": 0,
        "total": 118862
    },
    "percentage": {
        "ACTIVE": 99.94194948764112,
        "INACTIVE": 0.9763690391962643,
        "INVALID": 0,
        "MALICIOUS": 0,
        "SANE": 0,
        "VALID": 0,
        "total": 100.9183185268374
    }
}