{
    "counter": {
        "ACTIVE": 89912,
        "INACTIVE": 69,
        "INVALID": 0,
        "MALICIOUS": 0,
        "SANE": 0,
        "VALID": 0,
        "total": 89981
    },
    "percentage": {
        "ACTIVE": 99.92331714473056,
        "INACTIVE": 0.9763690391962643,
        "INVALID": 0,
        "MALICIOUS": 0,
        "SANE": 0,
        "VALID": 0,
        "total": 100.89968618392683
    }
}