{
    "counter": {
        "ACTIVE": 126795,
        "INACTIVE": 69,
        "INVALID": 0,
        "MALICIOUS": 0,
        "SANE": 0,
        "VALID": 0,
        "total": 126864
    },
    "percentage": {
        "ACTIVE": 99.94561104805146,
        "INACTIVE": 0.9763690391962643,
        "INVALID": 0,
        "MALICIOUS": 0,
        "SANE": 0,
        "VALID": 0,
        "total": 100.92198008724773
    }
}