{
    "counter": {
        "ACTIVE": 121641,
        "INACTIVE": 69,
        "INVALID": 0,
        "MALICIOUS": 0,
        "SANE": 0,
        "VALID": 0,
        "total": 121710
    },
    "percentage": {
        "ACTIVE": 99.94330786295292,
        "INACTIVE": 0.9763690391962643,
        "INVALID": 0,
        "MALICIOUS": 0,
        "SANE": 0,
        "VALID": 0,
        "total": 100.91967690214919
    }
}