{
    "counter": {
        "ACTIVE": 8777,
        "INACTIVE": 7,
        "INVALID": 0,
        "MALICIOUS": 0,
        "SANE": 0,
        "VALID": 0,
        "total": 8784
    },
    "percentage": {
        "ACTIVE": 99.9203096539162,
        "INACTIVE": 0.09109838625715773,
        "INVALID": 0,
        "MALICIOUS": 0,
        "SANE": 0,
        "VALID": 0,
        "total": 100.01140804017336
    }
}