{
    "counter": {
        "ACTIVE": 188465,
        "INACTIVE": 69,
        "INVALID": 0,
        "MALICIOUS": 0,
        "SANE": 0,
        "VALID": 0,
        "total": 188534
    },
    "percentage": {
        "ACTIVE": 99.96340182672621,
        "INACTIVE": 0.9763690391962643,
        "INVALID": 0,
        "MALICIOUS": 0,
        "SANE": 0,
        "VALID": 0,
        "total": 100.93977086592248
    }
}