{
    "counter": {
        "ACTIVE": 155282,
        "INACTIVE": 69,
        "INVALID": 0,
        "MALICIOUS": 0,
        "SANE": 0,
        "VALID": 0,
        "total": 155351
    },
    "percentage": {
        "ACTIVE": 99.95558445069553,
        "INACTIVE": 0.9763690391962643,
        "INVALID": 0,
        "MALICIOUS": 0,
        "SANE": 0,
        "VALID": 0,
        "total": 100.9319534898918
    }
}