{
    "counter": {
        "ACTIVE": 185060,
        "INACTIVE": 69,
        "INVALID": 0,
        "MALICIOUS": 0,
        "SANE": 0,
        "VALID": 0,
        "total": 185129
    },
    "percentage": {
        "ACTIVE": 99.96272869188512,
        "INACTIVE": 0.9763690391962643,
        "INVALID": 0,
        "MALICIOUS": 0,
        "SANE": 0,
        "VALID": 0,
        "total": 100.93909773108139
    }
}