{
    "counter": {
        "ACTIVE": 123365,
        "INACTIVE": 69,
        "INVALID": 0,
        "MALICIOUS": 0,
        "SANE": 0,
        "VALID": 0,
        "total": 123434
    },
    "percentage": {
        "ACTIVE": 99.94409968080107,
        "INACTIVE": 0.9763690391962643,
        "INVALID": 0,
        "MALICIOUS": 0,
        "SANE": 0,
        "VALID": 0,
        "total": 100.92046871999734
    }
}