{
    "counter": {
        "ACTIVE": 143690,
        "INACTIVE": 69,
        "INVALID": 0,
        "MALICIOUS": 0,
        "SANE": 0,
        "VALID": 0,
        "total": 143759
    },
    "percentage": {
        "ACTIVE": 99.95200300502925,
        "INACTIVE": 0.9763690391962643,
        "INVALID": 0,
        "MALICIOUS": 0,
        "SANE": 0,
        "VALID": 0,
        "total": 100.92837204422553
    }
}