{
    "counter": {
        "ACTIVE": 159699,
        "INACTIVE": 69,
        "INVALID": 0,
        "MALICIOUS": 0,
        "SANE": 0,
        "VALID": 0,
        "total": 159768
    },
    "percentage": {
        "ACTIVE": 99.95681237794803,
        "INACTIVE": 0.9763690391962643,
        "INVALID": 0,
        "MALICIOUS": 0,
        "SANE": 0,
        "VALID": 0,
        "total": 100.9331814171443
    }
}