{
    "counter": {
        "ACTIVE": 64898,
        "INACTIVE": 69,
        "INVALID": 0,
        "MALICIOUS": 0,
        "SANE": 0,
        "VALID": 0,
        "total": 64967
    },
    "percentage": {
        "ACTIVE": 99.89379223297982,
        "INACTIVE": 0.9763690391962643,
        "INVALID": 0,
        "MALICIOUS": 0,
        "SANE": 0,
        "VALID": 0,
        "total": 100.87016127217609
    }
}