{
    "counter": {
        "ACTIVE": 143413,
        "INACTIVE": 69,
        "INVALID": 0,
        "MALICIOUS": 0,
        "SANE": 0,
        "VALID": 0,
        "total": 143482
    },
    "percentage": {
        "ACTIVE": 99.95191034415467,
        "INACTIVE": 0.9763690391962643,
        "INVALID": 0,
        "MALICIOUS": 0,
        "SANE": 0,
        "VALID": 0,
        "total": 100.92827938335094
    }
}