{
    "counter": {
        "ACTIVE": 188475,
        "INACTIVE": 69,
        "INVALID": 0,
        "MALICIOUS": 0,
        "SANE": 0,
        "VALID": 0,
        "total": 188544
    },
    "percentage": {
        "ACTIVE": 99.96340376782078,
        "INACTIVE": 0.9763690391962643,
        "INVALID": 0,
        "MALICIOUS": 0,
        "SANE": 0,
        "VALID": 0,
        "total": 100.93977280701705
    }
}