{
    "counter": {
        "ACTIVE": 158961,
        "INACTIVE": 69,
        "INVALID": 0,
        "MALICIOUS": 0,
        "SANE": 0,
        "VALID": 0,
        "total": 159030
    },
    "percentage": {
        "ACTIVE": 99.95661196000755,
        "INACTIVE": 0.9763690391962643,
        "INVALID": 0,
        "MALICIOUS": 0,
        "SANE": 0,
        "VALID": 0,
        "total": 100.93298099920382
    }
}