{
    "counter": {
        "ACTIVE": 8782,
        "INACTIVE": 82,
        "INVALID": 0,
        "MALICIOUS": 0,
        "SANE": 0,
        "VALID": 0,
        "total": 8864
    },
    "percentage": {
        "ACTIVE": 99.07490974729242,
        "INACTIVE": 0.9589521693369196,
        "INVALID": 0,
        "MALICIOUS": 0,
        "SANE": 0,
        "VALID": 0,
        "total": 100.03386191662935
    }
}