{
    "counter": {
        "ACTIVE": 86012,
        "INACTIVE": 69,
        "INVALID": 0,
        "MALICIOUS": 0,
        "SANE": 0,
        "VALID": 0,
        "total": 86081
    },
    "percentage": {
        "ACTIVE": 99.91984293862757,
        "INACTIVE": 0.9763690391962643,
        "INVALID": 0,
        "MALICIOUS": 0,
        "SANE": 0,
        "VALID": 0,
        "total": 100.89621197782384
    }
}