{
    "counter": {
        "ACTIVE": 180050,
        "INACTIVE": 69,
        "INVALID": 0,
        "MALICIOUS": 0,
        "SANE": 0,
        "VALID": 0,
        "total": 180119
    },
    "percentage": {
        "ACTIVE": 99.96169199251607,
        "INACTIVE": 0.9763690391962643,
        "INVALID": 0,
        "MALICIOUS": 0,
        "SANE": 0,
        "VALID": 0,
        "total": 100.93806103171234
    }
}