{
    "counter": {
        "ACTIVE": 176009,
        "INACTIVE": 69,
        "INVALID": 0,
        "MALICIOUS": 0,
        "SANE": 0,
        "VALID": 0,
        "total": 176078
    },
    "percentage": {
        "ACTIVE": 99.96081282159044,
        "INACTIVE": 0.9763690391962643,
        "INVALID": 0,
        "MALICIOUS": 0,
        "SANE": 0,
        "VALID": 0,
        "total": 100.93718186078671
    }
}