{
    "counter": {
        "ACTIVE": 132201,
        "INACTIVE": 69,
        "INVALID": 0,
        "MALICIOUS": 0,
        "SANE": 0,
        "VALID": 0,
        "total": 132270
    },
    "percentage": {
        "ACTIVE": 99.94783397595826,
        "INACTIVE": 0.9763690391962643,
        "INVALID": 0,
        "MALICIOUS": 0,
        "SANE": 0,
        "VALID": 0,
        "total": 100.92420301515453
    }
}