{
    "counter": {
        "ACTIVE": 135861,
        "INACTIVE": 69,
        "INVALID": 0,
        "MALICIOUS": 0,
        "SANE": 0,
        "VALID": 0,
        "total": 135930
    },
    "percentage": {
        "ACTIVE": 99.94923857868021,
        "INACTIVE": 0.9763690391962643,
        "INVALID": 0,
        "MALICIOUS": 0,
        "SANE": 0,
        "VALID": 0,
        "total": 100.92560761787648
    }
}