{
    "counter": {
        "ACTIVE": 184095,
        "INACTIVE": 69,
        "INVALID": 0,
        "MALICIOUS": 0,
        "SANE": 0,
        "VALID": 0,
        "total": 184164
    },
    "percentage": {
        "ACTIVE": 99.96253339414869,
        "INACTIVE": 0.9763690391962643,
        "INVALID": 0,
        "MALICIOUS": 0,
        "SANE": 0,
        "VALID": 0,
        "total": 100.93890243334496
    }
}