{
    "counter": {
        "ACTIVE": 176426,
        "INACTIVE": 69,
        "INVALID": 0,
        "MALICIOUS": 0,
        "SANE": 0,
        "VALID": 0,
        "total": 176495
    },
    "percentage": {
        "ACTIVE": 99.96090540808521,
        "INACTIVE": 0.9763690391962643,
        "INVALID": 0,
        "MALICIOUS": 0,
        "SANE": 0,
        "VALID": 0,
        "total": 100.93727444728148
    }
}