{
    "counter": {
        "ACTIVE": 9442,
        "INACTIVE": 1,
        "INVALID": 0,
        "MALICIOUS": 0,
        "SANE": 0,
        "VALID": 0,
        "total": 9443
    },
    "percentage": {
        "ACTIVE": 99.98941014508101,
        "INACTIVE": 0.010650761529449356,
        "INVALID": 0,
        "MALICIOUS": 0,
        "SANE": 0,
        "VALID": 0,
        "total": 100.00006090661046
    }
}