{
    "counter": {
        "ACTIVE": 9425,
        "INACTIVE": 1,
        "INVALID": 0,
        "MALICIOUS": 0,
        "SANE": 0,
        "VALID": 0,
        "total": 9426
    },
    "percentage": {
        "ACTIVE": 99.98939104604285,
        "INACTIVE": 0.022119000221190004,
        "INVALID": 0,
        "MALICIOUS": 0,
        "SANE": 0,
        "VALID": 0,
        "total": 100.01151004626405
    }
}