{
    "counter": {
        "ACTIVE": 8720,
        "INACTIVE": 29,
        "INVALID": 0,
        "MALICIOUS": 0,
        "SANE": 0,
        "VALID": 0,
        "total": 8749
    },
    "percentage": {
        "ACTIVE": 99.66853354669105,
        "INACTIVE": 0.3454025726536446,
        "INVALID": 0,
        "MALICIOUS": 0,
        "SANE": 0,
        "VALID": 0,
        "total": 100.01393611934469
    }
}