{
    "counter": {
        "ACTIVE": 125782,
        "INACTIVE": 69,
        "INVALID": 0,
        "MALICIOUS": 0,
        "SANE": 0,
        "VALID": 0,
        "total": 125851
    },
    "percentage": {
        "ACTIVE": 99.9451732604429,
        "INACTIVE": 0.9763690391962643,
        "INVALID": 0,
        "MALICIOUS": 0,
        "SANE": 0,
        "VALID": 0,
        "total": 100.92154229963917
    }
}