{
    "counter": {
        "ACTIVE": 106304,
        "INACTIVE": 69,
        "INVALID": 0,
        "MALICIOUS": 0,
        "SANE": 0,
        "VALID": 0,
        "total": 106373
    },
    "percentage": {
        "ACTIVE": 99.93513391556128,
        "INACTIVE": 0.9763690391962643,
        "INVALID": 0,
        "MALICIOUS": 0,
        "SANE": 0,
        "VALID": 0,
        "total": 100.91150295475755
    }
}