{
    "counter": {
        "ACTIVE": 174813,
        "INACTIVE": 69,
        "INVALID": 0,
        "MALICIOUS": 0,
        "SANE": 0,
        "VALID": 0,
        "total": 174882
    },
    "percentage": {
        "ACTIVE": 99.96054482451024,
        "INACTIVE": 0.9763690391962643,
        "INVALID": 0,
        "MALICIOUS": 0,
        "SANE": 0,
        "VALID": 0,
        "total": 100.93691386370651
    }
}