{
    "counter": {
        "ACTIVE": 183098,
        "INACTIVE": 69,
        "INVALID": 0,
        "MALICIOUS": 0,
        "SANE": 0,
        "VALID": 0,
        "total": 183167
    },
    "percentage": {
        "ACTIVE": 99.96232945890908,
        "INACTIVE": 0.9763690391962643,
        "INVALID": 0,
        "MALICIOUS": 0,
        "SANE": 0,
        "VALID": 0,
        "total": 100.93869849810535
    }
}