{
    "counter": {
        "ACTIVE": 174806,
        "INACTIVE": 69,
        "INVALID": 0,
        "MALICIOUS": 0,
        "SANE": 0,
        "VALID": 0,
        "total": 174875
    },
    "percentage": {
        "ACTIVE": 99.96054324517513,
        "INACTIVE": 0.9763690391962643,
        "INVALID": 0,
        "MALICIOUS": 0,
        "SANE": 0,
        "VALID": 0,
        "total": 100.9369122843714
    }
}