{
    "counter": {
        "ACTIVE": 130013,
        "INACTIVE": 69,
        "INVALID": 0,
        "MALICIOUS": 0,
        "SANE": 0,
        "VALID": 0,
        "total": 130082
    },
    "percentage": {
        "ACTIVE": 99.94695653510863,
        "INACTIVE": 0.9763690391962643,
        "INVALID": 0,
        "MALICIOUS": 0,
        "SANE": 0,
        "VALID": 0,
        "total": 100.9233255743049
    }
}