{
    "counter": {
        "ACTIVE": 161938,
        "INACTIVE": 69,
        "INVALID": 0,
        "MALICIOUS": 0,
        "SANE": 0,
        "VALID": 0,
        "total": 162007
    },
    "percentage": {
        "ACTIVE": 99.95740924774856,
        "INACTIVE": 0.9763690391962643,
        "INVALID": 0,
        "MALICIOUS": 0,
        "SANE": 0,
        "VALID": 0,
        "total": 100.93377828694483
    }
}