{
    "counter": {
        "ACTIVE": 175254,
        "INACTIVE": 69,
        "INVALID": 0,
        "MALICIOUS": 0,
        "SANE": 0,
        "VALID": 0,
        "total": 175323
    },
    "percentage": {
        "ACTIVE": 99.96064406837665,
        "INACTIVE": 0.9763690391962643,
        "INVALID": 0,
        "MALICIOUS": 0,
        "SANE": 0,
        "VALID": 0,
        "total": 100.93701310757292
    }
}