{
    "counter": {
        "ACTIVE": 127512,
        "INACTIVE": 69,
        "INVALID": 0,
        "MALICIOUS": 0,
        "SANE": 0,
        "VALID": 0,
        "total": 127581
    },
    "percentage": {
        "ACTIVE": 99.94591671173607,
        "INACTIVE": 0.9763690391962643,
        "INVALID": 0,
        "MALICIOUS": 0,
        "SANE": 0,
        "VALID": 0,
        "total": 100.92228575093235
    }
}