{
    "counter": {
        "ACTIVE": 140141,
        "INACTIVE": 69,
        "INVALID": 0,
        "MALICIOUS": 0,
        "SANE": 0,
        "VALID": 0,
        "total": 140210
    },
    "percentage": {
        "ACTIVE": 99.95078810355895,
        "INACTIVE": 0.9763690391962643,
        "INVALID": 0,
        "MALICIOUS": 0,
        "SANE": 0,
        "VALID": 0,
        "total": 100.92715714275522
    }
}