{
    "counter": {
        "ACTIVE": 161174,
        "INACTIVE": 69,
        "INVALID": 0,
        "MALICIOUS": 0,
        "SANE": 0,
        "VALID": 0,
        "total": 161243
    },
    "percentage": {
        "ACTIVE": 99.95720744466426,
        "INACTIVE": 0.9763690391962643,
        "INVALID": 0,
        "MALICIOUS": 0,
        "SANE": 0,
        "VALID": 0,
        "total": 100.93357648386053
    }
}