{
    "counter": {
        "ACTIVE": 189994,
        "INACTIVE": 69,
        "INVALID": 0,
        "MALICIOUS": 0,
        "SANE": 0,
        "VALID": 0,
        "total": 190063
    },
    "percentage": {
        "ACTIVE": 99.96369624808617,
        "INACTIVE": 0.9763690391962643,
        "INVALID": 0,
        "MALICIOUS": 0,
        "SANE": 0,
        "VALID": 0,
        "total": 100.94006528728244
    }
}