{
    "counter": {
        "ACTIVE": 8089,
        "INACTIVE": 51,
        "INVALID": 0,
        "MALICIOUS": 0,
        "SANE": 0,
        "VALID": 0,
        "total": 8140
    },
    "percentage": {
        "ACTIVE": 99.37346437346437,
        "INACTIVE": 0.7052966394689532,
        "INVALID": 0,
        "MALICIOUS": 0,
        "SANE": 0,
        "VALID": 0,
        "total": 100.07876101293333
    }
}