{
    "counter": {
        "ACTIVE": 8257,
        "INACTIVE": 75,
        "INVALID": 0,
        "MALICIOUS": 0,
        "SANE": 0,
        "VALID": 0,
        "total": 8332
    },
    "percentage": {
        "ACTIVE": 99.09985597695632,
        "INACTIVE": 0.9343465802915162,
        "INVALID": 0,
        "MALICIOUS": 0,
        "SANE": 0,
        "VALID": 0,
        "total": 100.03420255724784
    }
}