{
    "counter": {
        "ACTIVE": 109308,
        "INACTIVE": 69,
        "INVALID": 0,
        "MALICIOUS": 0,
        "SANE": 0,
        "VALID": 0,
        "total": 109377
    },
    "percentage": {
        "ACTIVE": 99.93691543926055,
        "INACTIVE": 0.9763690391962643,
        "INVALID": 0,
        "MALICIOUS": 0,
        "SANE": 0,
        "VALID": 0,
        "total": 100.91328447845682
    }
}