{
    "counter": {
        "ACTIVE": 9440,
        "INACTIVE": 2,
        "INVALID": 0,
        "MALICIOUS": 0,
        "SANE": 0,
        "VALID": 0,
        "total": 9442
    },
    "percentage": {
        "ACTIVE": 99.97881804702394,
        "INACTIVE": 0.047596382674916705,
        "INVALID": 0,
        "MALICIOUS": 0,
        "SANE": 0,
        "VALID": 0,
        "total": 100.02641442969885
    }
}