{
    "counter": {
        "ACTIVE": 171458,
        "INACTIVE": 69,
        "INVALID": 0,
        "MALICIOUS": 0,
        "SANE": 0,
        "VALID": 0,
        "total": 171527
    },
    "percentage": {
        "ACTIVE": 99.95977309694683,
        "INACTIVE": 0.9763690391962643,
        "INVALID": 0,
        "MALICIOUS": 0,
        "SANE": 0,
        "VALID": 0,
        "total": 100.9361421361431
    }
}