{
    "counter": {
        "ACTIVE": 165915,
        "INACTIVE": 69,
        "INVALID": 0,
        "MALICIOUS": 0,
        "SANE": 0,
        "VALID": 0,
        "total": 165984
    },
    "percentage": {
        "ACTIVE": 99.95842972816656,
        "INACTIVE": 0.9763690391962643,
        "INVALID": 0,
        "MALICIOUS": 0,
        "SANE": 0,
        "VALID": 0,
        "total": 100.93479876736284
    }
}