{
    "counter": {
        "ACTIVE": 170445,
        "INACTIVE": 69,
        "INVALID": 0,
        "MALICIOUS": 0,
        "SANE": 0,
        "VALID": 0,
        "total": 170514
    },
    "percentage": {
        "ACTIVE": 99.95953411450087,
        "INACTIVE": 0.9763690391962643,
        "INVALID": 0,
        "MALICIOUS": 0,
        "SANE": 0,
        "VALID": 0,
        "total": 100.93590315369714
    }
}