{
    "counter": {
        "ACTIVE": 9489,
        "INACTIVE": 29,
        "INVALID": 0,
        "MALICIOUS": 0,
        "SANE": 0,
        "VALID": 0,
        "total": 9518
    },
    "percentage": {
        "ACTIVE": 99.6953141416264,
        "INACTIVE": 0.3454025726536446,
        "INVALID": 0,
        "MALICIOUS": 0,
        "SANE": 0,
        "VALID": 0,
        "total": 100.04071671428004
    }
}