{
    "counter": {
        "ACTIVE": 186039,
        "INACTIVE": 69,
        "INVALID": 0,
        "MALICIOUS": 0,
        "SANE": 0,
        "VALID": 0,
        "total": 186108
    },
    "percentage": {
        "ACTIVE": 99.96292475336901,
        "INACTIVE": 0.9763690391962643,
        "INVALID": 0,
        "MALICIOUS": 0,
        "SANE": 0,
        "VALID": 0,
        "total": 100.93929379256528
    }
}