{
    "counter": {
        "ACTIVE": 190169,
        "INACTIVE": 69,
        "INVALID": 0,
        "MALICIOUS": 0,
        "SANE": 0,
        "VALID": 0,
        "total": 190238
    },
    "percentage": {
        "ACTIVE": 99.96372964391972,
        "INACTIVE": 0.9763690391962643,
        "INVALID": 0,
        "MALICIOUS": 0,
        "SANE": 0,
        "VALID": 0,
        "total": 100.94009868311599
    }
}