{
    "counter": {
        "ACTIVE": 181986,
        "INACTIVE": 69,
        "INVALID": 0,
        "MALICIOUS": 0,
        "SANE": 0,
        "VALID": 0,
        "total": 182055
    },
    "percentage": {
        "ACTIVE": 99.96209936557634,
        "INACTIVE": 0.9763690391962643,
        "INVALID": 0,
        "MALICIOUS": 0,
        "SANE": 0,
        "VALID": 0,
        "total": 100.9384684047726
    }
}