{
    "counter": {
        "ACTIVE": 152628,
        "INACTIVE": 69,
        "INVALID": 0,
        "MALICIOUS": 0,
        "SANE": 0,
        "VALID": 0,
        "total": 152697
    },
    "percentage": {
        "ACTIVE": 99.95481247175779,
        "INACTIVE": 0.9763690391962643,
        "INVALID": 0,
        "MALICIOUS": 0,
        "SANE": 0,
        "VALID": 0,
        "total": 100.93118151095406
    }
}