{
    "counter": {
        "ACTIVE": 4919,
        "INACTIVE": 2,
        "INVALID": 0,
        "MALICIOUS": 0,
        "SANE": 0,
        "VALID": 0,
        "total": 4921
    },
    "percentage": {
        "ACTIVE": 99.95935785409469,
        "INACTIVE": 0.05293806246691371,
        "INVALID": 0,
        "MALICIOUS": 0,
        "SANE": 0,
        "VALID": 0,
        "total": 100.0122959165616
    }
}