{
    "counter": {
        "ACTIVE": 88365,
        "INACTIVE": 69,
        "INVALID": 0,
        "MALICIOUS": 0,
        "SANE": 0,
        "VALID": 0,
        "total": 88434
    },
    "percentage": {
        "ACTIVE": 99.9219757106995,
        "INACTIVE": 0.9763690391962643,
        "INVALID": 0,
        "MALICIOUS": 0,
        "SANE": 0,
        "VALID": 0,
        "total": 100.89834474989577
    }
}