{
    "counter": {
        "ACTIVE": 172055,
        "INACTIVE": 69,
        "INVALID": 0,
        "MALICIOUS": 0,
        "SANE": 0,
        "VALID": 0,
        "total": 172124
    },
    "percentage": {
        "ACTIVE": 99.9599126211336,
        "INACTIVE": 0.9763690391962643,
        "INVALID": 0,
        "MALICIOUS": 0,
        "SANE": 0,
        "VALID": 0,
        "total": 100.93628166032987
    }
}