{
    "counter": {
        "ACTIVE": 179899,
        "INACTIVE": 69,
        "INVALID": 0,
        "MALICIOUS": 0,
        "SANE": 0,
        "VALID": 0,
        "total": 179968
    },
    "percentage": {
        "ACTIVE": 99.96165985064012,
        "INACTIVE": 0.9763690391962643,
        "INVALID": 0,
        "MALICIOUS": 0,
        "SANE": 0,
        "VALID": 0,
        "total": 100.93802888983639
    }
}