{
    "counter": {
        "ACTIVE": 108608,
        "INACTIVE": 69,
        "INVALID": 0,
        "MALICIOUS": 0,
        "SANE": 0,
        "VALID": 0,
        "total": 108677
    },
    "percentage": {
        "ACTIVE": 99.93650910496241,
        "INACTIVE": 0.9763690391962643,
        "INVALID": 0,
        "MALICIOUS": 0,
        "SANE": 0,
        "VALID": 0,
        "total": 100.91287814415868
    }
}