{
    "counter": {
        "ACTIVE": 159355,
        "INACTIVE": 69,
        "INVALID": 0,
        "MALICIOUS": 0,
        "SANE": 0,
        "VALID": 0,
        "total": 159424
    },
    "percentage": {
        "ACTIVE": 99.95671918908069,
        "INACTIVE": 0.9763690391962643,
        "INVALID": 0,
        "MALICIOUS": 0,
        "SANE": 0,
        "VALID": 0,
        "total": 100.93308822827696
    }
}