{
    "counter": {
        "ACTIVE": 115743,
        "INACTIVE": 69,
        "INVALID": 0,
        "MALICIOUS": 0,
        "SANE": 0,
        "VALID": 0,
        "total": 115812
    },
    "percentage": {
        "ACTIVE": 99.94042068179463,
        "INACTIVE": 0.9763690391962643,
        "INVALID": 0,
        "MALICIOUS": 0,
        "SANE": 0,
        "VALID": 0,
        "total": 100.9167897209909
    }
}