{
    "counter": {
        "ACTIVE": 175304,
        "INACTIVE": 69,
        "INVALID": 0,
        "MALICIOUS": 0,
        "SANE": 0,
        "VALID": 0,
        "total": 175373
    },
    "percentage": {
        "ACTIVE": 99.96065528901256,
        "INACTIVE": 0.9763690391962643,
        "INVALID": 0,
        "MALICIOUS": 0,
        "SANE": 0,
        "VALID": 0,
        "total": 100.93702432820884
    }
}