{
    "counter": {
        "ACTIVE": 171834,
        "INACTIVE": 69,
        "INVALID": 0,
        "MALICIOUS": 0,
        "SANE": 0,
        "VALID": 0,
        "total": 171903
    },
    "percentage": {
        "ACTIVE": 99.95986108444879,
        "INACTIVE": 0.9763690391962643,
        "INVALID": 0,
        "MALICIOUS": 0,
        "SANE": 0,
        "VALID": 0,
        "total": 100.93623012364506
    }
}