{
    "counter": {
        "ACTIVE": 170553,
        "INACTIVE": 69,
        "INVALID": 0,
        "MALICIOUS": 0,
        "SANE": 0,
        "VALID": 0,
        "total": 170622
    },
    "percentage": {
        "ACTIVE": 99.9595597285227,
        "INACTIVE": 0.9763690391962643,
        "INVALID": 0,
        "MALICIOUS": 0,
        "SANE": 0,
        "VALID": 0,
        "total": 100.93592876771898
    }
}