{
    "counter": {
        "ACTIVE": 148768,
        "INACTIVE": 69,
        "INVALID": 0,
        "MALICIOUS": 0,
        "SANE": 0,
        "VALID": 0,
        "total": 148837
    },
    "percentage": {
        "ACTIVE": 99.95364055980704,
        "INACTIVE": 0.9763690391962643,
        "INVALID": 0,
        "MALICIOUS": 0,
        "SANE": 0,
        "VALID": 0,
        "total": 100.93000959900331
    }
}