{
    "counter": {
        "ACTIVE": 163562,
        "INACTIVE": 69,
        "INVALID": 0,
        "MALICIOUS": 0,
        "SANE": 0,
        "VALID": 0,
        "total": 163631
    },
    "percentage": {
        "ACTIVE": 99.9578319511584,
        "INACTIVE": 0.9763690391962643,
        "INVALID": 0,
        "MALICIOUS": 0,
        "SANE": 0,
        "VALID": 0,
        "total": 100.93420099035467
    }
}