{
    "counter": {
        "ACTIVE": 118035,
        "INACTIVE": 69,
        "INVALID": 0,
        "MALICIOUS": 0,
        "SANE": 0,
        "VALID": 0,
        "total": 118104
    },
    "percentage": {
        "ACTIVE": 99.94157691526112,
        "INACTIVE": 0.9763690391962643,
        "INVALID": 0,
        "MALICIOUS": 0,
        "SANE": 0,
        "VALID": 0,
        "total": 100.9179459544574
    }
}