{
    "counter": {
        "ACTIVE": 124463,
        "INACTIVE": 69,
        "INVALID": 0,
        "MALICIOUS": 0,
        "SANE": 0,
        "VALID": 0,
        "total": 124532
    },
    "percentage": {
        "ACTIVE": 99.94459255452414,
        "INACTIVE": 0.9763690391962643,
        "INVALID": 0,
        "MALICIOUS": 0,
        "SANE": 0,
        "VALID": 0,
        "total": 100.9209615937204
    }
}