{
    "counter": {
        "ACTIVE": 177962,
        "INACTIVE": 69,
        "INVALID": 0,
        "MALICIOUS": 0,
        "SANE": 0,
        "VALID": 0,
        "total": 178031
    },
    "percentage": {
        "ACTIVE": 99.96124270492217,
        "INACTIVE": 0.9763690391962643,
        "INVALID": 0,
        "MALICIOUS": 0,
        "SANE": 0,
        "VALID": 0,
        "total": 100.93761174411844
    }
}