{
    "counter": {
        "ACTIVE": 95768,
        "INACTIVE": 69,
        "INVALID": 0,
        "MALICIOUS": 0,
        "SANE": 0,
        "VALID": 0,
        "total": 95837
    },
    "percentage": {
        "ACTIVE": 99.92800275467721,
        "INACTIVE": 0.9763690391962643,
        "INVALID": 0,
        "MALICIOUS": 0,
        "SANE": 0,
        "VALID": 0,
        "total": 100.90437179387348
    }
}