{
    "counter": {
        "ACTIVE": 71215,
        "INACTIVE": 69,
        "INVALID": 0,
        "MALICIOUS": 0,
        "SANE": 0,
        "VALID": 0,
        "total": 71284
    },
    "percentage": {
        "ACTIVE": 99.90320408506818,
        "INACTIVE": 0.9763690391962643,
        "INVALID": 0,
        "MALICIOUS": 0,
        "SANE": 0,
        "VALID": 0,
        "total": 100.87957312426445
    }
}