{
    "counter": {
        "ACTIVE": 84080,
        "INACTIVE": 69,
        "INVALID": 0,
        "MALICIOUS": 0,
        "SANE": 0,
        "VALID": 0,
        "total": 84149
    },
    "percentage": {
        "ACTIVE": 99.91800259064279,
        "INACTIVE": 0.9763690391962643,
        "INVALID": 0,
        "MALICIOUS": 0,
        "SANE": 0,
        "VALID": 0,
        "total": 100.89437162983906
    }
}