{
    "counter": {
        "ACTIVE": 138216,
        "INACTIVE": 69,
        "INVALID": 0,
        "MALICIOUS": 0,
        "SANE": 0,
        "VALID": 0,
        "total": 138285
    },
    "percentage": {
        "ACTIVE": 99.95010304805294,
        "INACTIVE": 0.9763690391962643,
        "INVALID": 0,
        "MALICIOUS": 0,
        "SANE": 0,
        "VALID": 0,
        "total": 100.92647208724921
    }
}