{
    "counter": {
        "ACTIVE": 140920,
        "INACTIVE": 69,
        "INVALID": 0,
        "MALICIOUS": 0,
        "SANE": 0,
        "VALID": 0,
        "total": 140989
    },
    "percentage": {
        "ACTIVE": 99.95106001177396,
        "INACTIVE": 0.9763690391962643,
        "INVALID": 0,
        "MALICIOUS": 0,
        "SANE": 0,
        "VALID": 0,
        "total": 100.92742905097023
    }
}