{
    "counter": {
        "ACTIVE": 1492,
        "INACTIVE": 686,
        "INVALID": 0,
        "MALICIOUS": 0,
        "SANE": 0,
        "VALID": 0,
        "total": 2178
    },
    "percentage": {
        "ACTIVE": 68.50321395775941,
        "INACTIVE": 31.58379373848987,
        "INVALID": 0,
        "MALICIOUS": 0,
        "SANE": 0,
        "VALID": 0,
        "total": 100.08700769624929
    }
}