{
    "counter": {
        "ACTIVE": 9419,
        "INACTIVE": 65,
        "INVALID": 0,
        "MALICIOUS": 0,
        "SANE": 0,
        "VALID": 0,
        "total": 9484
    },
    "percentage": {
        "ACTIVE": 99.31463517503163,
        "INACTIVE": 0.6928898838076964,
        "INVALID": 0,
        "MALICIOUS": 0,
        "SANE": 0,
        "VALID": 0,
        "total": 100.00752505883932
    }
}