{
    "counter": {
        "ACTIVE": 4363,
        "INACTIVE": 1,
        "INVALID": 0,
        "MALICIOUS": 0,
        "SANE": 0,
        "VALID": 0,
        "total": 4364
    },
    "percentage": {
        "ACTIVE": 99.97708524289642,
        "INACTIVE": 0.02685284640171858,
        "INVALID": 0,
        "MALICIOUS": 0,
        "SANE": 0,
        "VALID": 0,
        "total": 100.00393808929815
    }
}