{
    "counter": {
        "ACTIVE": 157968,
        "INACTIVE": 69,
        "INVALID": 0,
        "MALICIOUS": 0,
        "SANE": 0,
        "VALID": 0,
        "total": 158037
    },
    "percentage": {
        "ACTIVE": 99.95633933825623,
        "INACTIVE": 0.9763690391962643,
        "INVALID": 0,
        "MALICIOUS": 0,
        "SANE": 0,
        "VALID": 0,
        "total": 100.9327083774525
    }
}