{
    "counter": {
        "ACTIVE": 8720,
        "INACTIVE": 69,
        "INVALID": 0,
        "MALICIOUS": 0,
        "SANE": 0,
        "VALID": 0,
        "total": 8789
    },
    "percentage": {
        "ACTIVE": 99.21492775059734,
        "INACTIVE": 0.9763690391962643,
        "INVALID": 0,
        "MALICIOUS": 0,
        "SANE": 0,
        "VALID": 0,
        "total": 100.19129678979361
    }
}