{
    "counter": {
        "ACTIVE": 172917,
        "INACTIVE": 69,
        "INVALID": 0,
        "MALICIOUS": 0,
        "SANE": 0,
        "VALID": 0,
        "total": 172986
    },
    "percentage": {
        "ACTIVE": 99.96011237903646,
        "INACTIVE": 0.9763690391962643,
        "INVALID": 0,
        "MALICIOUS": 0,
        "SANE": 0,
        "VALID": 0,
        "total": 100.93648141823273
    }
}