{
    "counter": {
        "ACTIVE": 184292,
        "INACTIVE": 69,
        "INVALID": 0,
        "MALICIOUS": 0,
        "SANE": 0,
        "VALID": 0,
        "total": 184361
    },
    "percentage": {
        "ACTIVE": 99.96257342930446,
        "INACTIVE": 0.9763690391962643,
        "INVALID": 0,
        "MALICIOUS": 0,
        "SANE": 0,
        "VALID": 0,
        "total": 100.93894246850073
    }
}