{
    "counter": {
        "ACTIVE": 135491,
        "INACTIVE": 69,
        "INVALID": 0,
        "MALICIOUS": 0,
        "SANE": 0,
        "VALID": 0,
        "total": 135560
    },
    "percentage": {
        "ACTIVE": 99.94910002950724,
        "INACTIVE": 0.9763690391962643,
        "INVALID": 0,
        "MALICIOUS": 0,
        "SANE": 0,
        "VALID": 0,
        "total": 100.9254690687035
    }
}