{
    "counter": {
        "ACTIVE": 9434,
        "INACTIVE": 1,
        "INVALID": 0,
        "MALICIOUS": 0,
        "SANE": 0,
        "VALID": 0,
        "total": 9435
    },
    "percentage": {
        "ACTIVE": 99.98940116587175,
        "INACTIVE": 0.01786352268667381,
        "INVALID": 0,
        "MALICIOUS": 0,
        "SANE": 0,
        "VALID": 0,
        "total": 100.00726468855842
    }
}