{
    "counter": {
        "ACTIVE": 165204,
        "INACTIVE": 69,
        "INVALID": 0,
        "MALICIOUS": 0,
        "SANE": 0,
        "VALID": 0,
        "total": 165273
    },
    "percentage": {
        "ACTIVE": 99.95825089397542,
        "INACTIVE": 0.9763690391962643,
        "INVALID": 0,
        "MALICIOUS": 0,
        "SANE": 0,
        "VALID": 0,
        "total": 100.93461993317169
    }
}