{
    "counter": {
        "ACTIVE": 104509,
        "INACTIVE": 69,
        "INVALID": 0,
        "MALICIOUS": 0,
        "SANE": 0,
        "VALID": 0,
        "total": 104578
    },
    "percentage": {
        "ACTIVE": 99.93402053969287,
        "INACTIVE": 0.9763690391962643,
        "INVALID": 0,
        "MALICIOUS": 0,
        "SANE": 0,
        "VALID": 0,
        "total": 100.91038957888914
    }
}