{
    "counter": {
        "ACTIVE": 140905,
        "INACTIVE": 69,
        "INVALID": 0,
        "MALICIOUS": 0,
        "SANE": 0,
        "VALID": 0,
        "total": 140974
    },
    "percentage": {
        "ACTIVE": 99.95105480443202,
        "INACTIVE": 0.9763690391962643,
        "INVALID": 0,
        "MALICIOUS": 0,
        "SANE": 0,
        "VALID": 0,
        "total": 100.92742384362829
    }
}