{
    "counter": {
        "ACTIVE": 166441,
        "INACTIVE": 69,
        "INVALID": 0,
        "MALICIOUS": 0,
        "SANE": 0,
        "VALID": 0,
        "total": 166510
    },
    "percentage": {
        "ACTIVE": 99.95856104738453,
        "INACTIVE": 0.9763690391962643,
        "INVALID": 0,
        "MALICIOUS": 0,
        "SANE": 0,
        "VALID": 0,
        "total": 100.9349300865808
    }
}