{
    "counter": {
        "ACTIVE": 2970,
        "INACTIVE": 1638,
        "INVALID": 1,
        "MALICIOUS": 0,
        "SANE": 0,
        "VALID": 0,
        "total": 4609
    },
    "percentage": {
        "ACTIVE": 64.4811115935736,
        "INACTIVE": 35.53916250813626,
        "INVALID": 0.03645643456069996,
        "MALICIOUS": 0,
        "SANE": 0,
        "VALID": 0,
        "total": 100.05673053627056
    }
}