{
    "counter": {
        "ACTIVE": 179645,
        "INACTIVE": 69,
        "INVALID": 0,
        "MALICIOUS": 0,
        "SANE": 0,
        "VALID": 0,
        "total": 179714
    },
    "percentage": {
        "ACTIVE": 99.96160566233014,
        "INACTIVE": 0.9763690391962643,
        "INVALID": 0,
        "MALICIOUS": 0,
        "SANE": 0,
        "VALID": 0,
        "total": 100.93797470152641
    }
}