{
    "counter": {
        "ACTIVE": 188853,
        "INACTIVE": 69,
        "INVALID": 0,
        "MALICIOUS": 0,
        "SANE": 0,
        "VALID": 0,
        "total": 188922
    },
    "percentage": {
        "ACTIVE": 99.96347699050402,
        "INACTIVE": 0.9763690391962643,
        "INVALID": 0,
        "MALICIOUS": 0,
        "SANE": 0,
        "VALID": 0,
        "total": 100.93984602970029
    }
}