{
    "counter": {
        "ACTIVE": 144133,
        "INACTIVE": 69,
        "INVALID": 0,
        "MALICIOUS": 0,
        "SANE": 0,
        "VALID": 0,
        "total": 144202
    },
    "percentage": {
        "ACTIVE": 99.95215045561088,
        "INACTIVE": 0.9763690391962643,
        "INVALID": 0,
        "MALICIOUS": 0,
        "SANE": 0,
        "VALID": 0,
        "total": 100.92851949480715
    }
}