{
    "counter": {
        "ACTIVE": 184995,
        "INACTIVE": 69,
        "INVALID": 0,
        "MALICIOUS": 0,
        "SANE": 0,
        "VALID": 0,
        "total": 185064
    },
    "percentage": {
        "ACTIVE": 99.96271560108936,
        "INACTIVE": 0.9763690391962643,
        "INVALID": 0,
        "MALICIOUS": 0,
        "SANE": 0,
        "VALID": 0,
        "total": 100.93908464028563
    }
}