{
    "counter": {
        "ACTIVE": 95112,
        "INACTIVE": 69,
        "INVALID": 0,
        "MALICIOUS": 0,
        "SANE": 0,
        "VALID": 0,
        "total": 95181
    },
    "percentage": {
        "ACTIVE": 99.92750654017084,
        "INACTIVE": 0.9763690391962643,
        "INVALID": 0,
        "MALICIOUS": 0,
        "SANE": 0,
        "VALID": 0,
        "total": 100.90387557936711
    }
}