{
    "counter": {
        "ACTIVE": 163720,
        "INACTIVE": 69,
        "INVALID": 0,
        "MALICIOUS": 0,
        "SANE": 0,
        "VALID": 0,
        "total": 163789
    },
    "percentage": {
        "ACTIVE": 99.95787262880901,
        "INACTIVE": 0.9763690391962643,
        "INVALID": 0,
        "MALICIOUS": 0,
        "SANE": 0,
        "VALID": 0,
        "total": 100.93424166800528
    }
}