{
    "counter": {
        "ACTIVE": 160042,
        "INACTIVE": 69,
        "INVALID": 0,
        "MALICIOUS": 0,
        "SANE": 0,
        "VALID": 0,
        "total": 160111
    },
    "percentage": {
        "ACTIVE": 99.95690489722755,
        "INACTIVE": 0.9763690391962643,
        "INVALID": 0,
        "MALICIOUS": 0,
        "SANE": 0,
        "VALID": 0,
        "total": 100.93327393642382
    }
}