{
    "counter": {
        "ACTIVE": 113883,
        "INACTIVE": 69,
        "INVALID": 0,
        "MALICIOUS": 0,
        "SANE": 0,
        "VALID": 0,
        "total": 113952
    },
    "percentage": {
        "ACTIVE": 99.93944818871104,
        "INACTIVE": 0.9763690391962643,
        "INVALID": 0,
        "MALICIOUS": 0,
        "SANE": 0,
        "VALID": 0,
        "total": 100.91581722790731
    }
}