{
    "counter": {
        "ACTIVE": 168876,
        "INACTIVE": 69,
        "INVALID": 0,
        "MALICIOUS": 0,
        "SANE": 0,
        "VALID": 0,
        "total": 168945
    },
    "percentage": {
        "ACTIVE": 99.95915830595756,
        "INACTIVE": 0.9763690391962643,
        "INVALID": 0,
        "MALICIOUS": 0,
        "SANE": 0,
        "VALID": 0,
        "total": 100.93552734515383
    }
}