{
    "counter": {
        "ACTIVE": 152933,
        "INACTIVE": 69,
        "INVALID": 0,
        "MALICIOUS": 0,
        "SANE": 0,
        "VALID": 0,
        "total": 153002
    },
    "percentage": {
        "ACTIVE": 99.95490255029345,
        "INACTIVE": 0.9763690391962643,
        "INVALID": 0,
        "MALICIOUS": 0,
        "SANE": 0,
        "VALID": 0,
        "total": 100.93127158948973
    }
}