{
    "counter": {
        "ACTIVE": 182516,
        "INACTIVE": 69,
        "INVALID": 0,
        "MALICIOUS": 0,
        "SANE": 0,
        "VALID": 0,
        "total": 182585
    },
    "percentage": {
        "ACTIVE": 99.9622093819317,
        "INACTIVE": 0.9763690391962643,
        "INVALID": 0,
        "MALICIOUS": 0,
        "SANE": 0,
        "VALID": 0,
        "total": 100.93857842112797
    }
}