{
    "counter": {
        "ACTIVE": 9433,
        "INACTIVE": 2,
        "INVALID": 0,
        "MALICIOUS": 0,
        "SANE": 0,
        "VALID": 0,
        "total": 9435
    },
    "percentage": {
        "ACTIVE": 99.97880233174351,
        "INACTIVE": 0.02535175560907593,
        "INVALID": 0,
        "MALICIOUS": 0,
        "SANE": 0,
        "VALID": 0,
        "total": 100.00415408735259
    }
}