{
    "counter": {
        "ACTIVE": 143990,
        "INACTIVE": 69,
        "INVALID": 0,
        "MALICIOUS": 0,
        "SANE": 0,
        "VALID": 0,
        "total": 144059
    },
    "percentage": {
        "ACTIVE": 99.9521029578159,
        "INACTIVE": 0.9763690391962643,
        "INVALID": 0,
        "MALICIOUS": 0,
        "SANE": 0,
        "VALID": 0,
        "total": 100.92847199701217
    }
}