{
    "counter": {
        "ACTIVE": 156802,
        "INACTIVE": 69,
        "INVALID": 0,
        "MALICIOUS": 0,
        "SANE": 0,
        "VALID": 0,
        "total": 156871
    },
    "percentage": {
        "ACTIVE": 99.95601481472038,
        "INACTIVE": 0.9763690391962643,
        "INVALID": 0,
        "MALICIOUS": 0,
        "SANE": 0,
        "VALID": 0,
        "total": 100.93238385391665
    }
}