{
    "counter": {
        "ACTIVE": 113003,
        "INACTIVE": 69,
        "INVALID": 0,
        "MALICIOUS": 0,
        "SANE": 0,
        "VALID": 0,
        "total": 113072
    },
    "percentage": {
        "ACTIVE": 99.93897693505023,
        "INACTIVE": 0.9763690391962643,
        "INVALID": 0,
        "MALICIOUS": 0,
        "SANE": 0,
        "VALID": 0,
        "total": 100.9153459742465
    }
}