{
    "counter": {
        "ACTIVE": 189269,
        "INACTIVE": 69,
        "INVALID": 0,
        "MALICIOUS": 0,
        "SANE": 0,
        "VALID": 0,
        "total": 189338
    },
    "percentage": {
        "ACTIVE": 99.9635572362653,
        "INACTIVE": 0.9763690391962643,
        "INVALID": 0,
        "MALICIOUS": 0,
        "SANE": 0,
        "VALID": 0,
        "total": 100.93992627546157
    }
}