{
    "counter": {
        "ACTIVE": 146563,
        "INACTIVE": 69,
        "INVALID": 0,
        "MALICIOUS": 0,
        "SANE": 0,
        "VALID": 0,
        "total": 146632
    },
    "percentage": {
        "ACTIVE": 99.95294342299088,
        "INACTIVE": 0.9763690391962643,
        "INVALID": 0,
        "MALICIOUS": 0,
        "SANE": 0,
        "VALID": 0,
        "total": 100.92931246218716
    }
}