{
    "counter": {
        "ACTIVE": 187825,
        "INACTIVE": 69,
        "INVALID": 0,
        "MALICIOUS": 0,
        "SANE": 0,
        "VALID": 0,
        "total": 187894
    },
    "percentage": {
        "ACTIVE": 99.96327716691326,
        "INACTIVE": 0.9763690391962643,
        "INVALID": 0,
        "MALICIOUS": 0,
        "SANE": 0,
        "VALID": 0,
        "total": 100.93964620610953
    }
}