{
    "counter": {
        "ACTIVE": 175701,
        "INACTIVE": 69,
        "INVALID": 0,
        "MALICIOUS": 0,
        "SANE": 0,
        "VALID": 0,
        "total": 175770
    },
    "percentage": {
        "ACTIVE": 99.96074415429254,
        "INACTIVE": 0.9763690391962643,
        "INVALID": 0,
        "MALICIOUS": 0,
        "SANE": 0,
        "VALID": 0,
        "total": 100.93711319348881
    }
}