{
    "counter": {
        "ACTIVE": 125374,
        "INACTIVE": 69,
        "INVALID": 0,
        "MALICIOUS": 0,
        "SANE": 0,
        "VALID": 0,
        "total": 125443
    },
    "percentage": {
        "ACTIVE": 99.94499493793994,
        "INACTIVE": 0.9763690391962643,
        "INVALID": 0,
        "MALICIOUS": 0,
        "SANE": 0,
        "VALID": 0,
        "total": 100.92136397713621
    }
}