{
    "counter": {
        "ACTIVE": 173726,
        "INACTIVE": 69,
        "INVALID": 0,
        "MALICIOUS": 0,
        "SANE": 0,
        "VALID": 0,
        "total": 173795
    },
    "percentage": {
        "ACTIVE": 99.960298052303,
        "INACTIVE": 0.9763690391962643,
        "INVALID": 0,
        "MALICIOUS": 0,
        "SANE": 0,
        "VALID": 0,
        "total": 100.93666709149927
    }
}