{
    "counter": {
        "ACTIVE": 122454,
        "INACTIVE": 69,
        "INVALID": 0,
        "MALICIOUS": 0,
        "SANE": 0,
        "VALID": 0,
        "total": 122523
    },
    "percentage": {
        "ACTIVE": 99.94368404299601,
        "INACTIVE": 0.9763690391962643,
        "INVALID": 0,
        "MALICIOUS": 0,
        "SANE": 0,
        "VALID": 0,
        "total": 100.92005308219228
    }
}