{
    "counter": {
        "ACTIVE": 188083,
        "INACTIVE": 69,
        "INVALID": 0,
        "MALICIOUS": 0,
        "SANE": 0,
        "VALID": 0,
        "total": 188152
    },
    "percentage": {
        "ACTIVE": 99.96332752242867,
        "INACTIVE": 0.9763690391962643,
        "INVALID": 0,
        "MALICIOUS": 0,
        "SANE": 0,
        "VALID": 0,
        "total": 100.93969656162494
    }
}