{
    "counter": {
        "ACTIVE": 141342,
        "INACTIVE": 69,
        "INVALID": 0,
        "MALICIOUS": 0,
        "SANE": 0,
        "VALID": 0,
        "total": 141411
    },
    "percentage": {
        "ACTIVE": 99.95120605893459,
        "INACTIVE": 0.9763690391962643,
        "INVALID": 0,
        "MALICIOUS": 0,
        "SANE": 0,
        "VALID": 0,
        "total": 100.92757509813086
    }
}