{
    "counter": {
        "ACTIVE": 164302,
        "INACTIVE": 69,
        "INVALID": 0,
        "MALICIOUS": 0,
        "SANE": 0,
        "VALID": 0,
        "total": 164371
    },
    "percentage": {
        "ACTIVE": 99.95802179216528,
        "INACTIVE": 0.9763690391962643,
        "INVALID": 0,
        "MALICIOUS": 0,
        "SANE": 0,
        "VALID": 0,
        "total": 100.93439083136155
    }
}