{
    "counter": {
        "ACTIVE": 167007,
        "INACTIVE": 69,
        "INVALID": 0,
        "MALICIOUS": 0,
        "SANE": 0,
        "VALID": 0,
        "total": 167076
    },
    "percentage": {
        "ACTIVE": 99.95870142928966,
        "INACTIVE": 0.9763690391962643,
        "INVALID": 0,
        "MALICIOUS": 0,
        "SANE": 0,
        "VALID": 0,
        "total": 100.93507046848593
    }
}