{
    "counter": {
        "ACTIVE": 128843,
        "INACTIVE": 69,
        "INVALID": 0,
        "MALICIOUS": 0,
        "SANE": 0,
        "VALID": 0,
        "total": 128912
    },
    "percentage": {
        "ACTIVE": 99.946475114807,
        "INACTIVE": 0.9763690391962643,
        "INVALID": 0,
        "MALICIOUS": 0,
        "SANE": 0,
        "VALID": 0,
        "total": 100.92284415400327
    }
}