{
    "counter": {
        "ACTIVE": 158738,
        "INACTIVE": 69,
        "INVALID": 0,
        "MALICIOUS": 0,
        "SANE": 0,
        "VALID": 0,
        "total": 158807
    },
    "percentage": {
        "ACTIVE": 99.95655103364462,
        "INACTIVE": 0.9763690391962643,
        "INVALID": 0,
        "MALICIOUS": 0,
        "SANE": 0,
        "VALID": 0,
        "total": 100.93292007284089
    }
}