{
    "counter": {
        "ACTIVE": 104908,
        "INACTIVE": 69,
        "INVALID": 0,
        "MALICIOUS": 0,
        "SANE": 0,
        "VALID": 0,
        "total": 104977
    },
    "percentage": {
        "ACTIVE": 99.93427131657411,
        "INACTIVE": 0.9763690391962643,
        "INVALID": 0,
        "MALICIOUS": 0,
        "SANE": 0,
        "VALID": 0,
        "total": 100.91064035577038
    }
}