{
    "counter": {
        "ACTIVE": 170950,
        "INACTIVE": 69,
        "INVALID": 0,
        "MALICIOUS": 0,
        "SANE": 0,
        "VALID": 0,
        "total": 171019
    },
    "percentage": {
        "ACTIVE": 99.95965360573972,
        "INACTIVE": 0.9763690391962643,
        "INVALID": 0,
        "MALICIOUS": 0,
        "SANE": 0,
        "VALID": 0,
        "total": 100.93602264493599
    }
}