{
    "counter": {
        "ACTIVE": 49705,
        "INACTIVE": 69,
        "INVALID": 0,
        "MALICIOUS": 0,
        "SANE": 0,
        "VALID": 0,
        "total": 49774
    },
    "percentage": {
        "ACTIVE": 99.86137340780327,
        "INACTIVE": 0.9763690391962643,
        "INVALID": 0,
        "MALICIOUS": 0,
        "SANE": 0,
        "VALID": 0,
        "total": 100.83774244699954
    }
}