{
    "counter": {
        "ACTIVE": 148790,
        "INACTIVE": 69,
        "INVALID": 0,
        "MALICIOUS": 0,
        "SANE": 0,
        "VALID": 0,
        "total": 148859
    },
    "percentage": {
        "ACTIVE": 99.9536474113087,
        "INACTIVE": 0.9763690391962643,
        "INVALID": 0,
        "MALICIOUS": 0,
        "SANE": 0,
        "VALID": 0,
        "total": 100.93001645050497
    }
}