{
    "counter": {
        "ACTIVE": 4874,
        "INACTIVE": 33,
        "INVALID": 0,
        "MALICIOUS": 0,
        "SANE": 0,
        "VALID": 0,
        "total": 4907
    },
    "percentage": {
        "ACTIVE": 99.32749133890361,
        "INACTIVE": 0.6935687263556116,
        "INVALID": 0,
        "MALICIOUS": 0,
        "SANE": 0,
        "VALID": 0,
        "total": 100.02106006525922
    }
}