{
    "counter": {
        "ACTIVE": 184012,
        "INACTIVE": 69,
        "INVALID": 0,
        "MALICIOUS": 0,
        "SANE": 0,
        "VALID": 0,
        "total": 184081
    },
    "percentage": {
        "ACTIVE": 99.9625165008882,
        "INACTIVE": 0.9763690391962643,
        "INVALID": 0,
        "MALICIOUS": 0,
        "SANE": 0,
        "VALID": 0,
        "total": 100.93888554008447
    }
}