{
    "counter": {
        "ACTIVE": 185290,
        "INACTIVE": 69,
        "INVALID": 0,
        "MALICIOUS": 0,
        "SANE": 0,
        "VALID": 0,
        "total": 185359
    },
    "percentage": {
        "ACTIVE": 99.96277493944184,
        "INACTIVE": 0.9763690391962643,
        "INVALID": 0,
        "MALICIOUS": 0,
        "SANE": 0,
        "VALID": 0,
        "total": 100.93914397863811
    }
}