{
    "counter": {
        "ACTIVE": 168833,
        "INACTIVE": 69,
        "INVALID": 0,
        "MALICIOUS": 0,
        "SANE": 0,
        "VALID": 0,
        "total": 168902
    },
    "percentage": {
        "ACTIVE": 99.9591479082545,
        "INACTIVE": 0.9763690391962643,
        "INVALID": 0,
        "MALICIOUS": 0,
        "SANE": 0,
        "VALID": 0,
        "total": 100.93551694745076
    }
}