{
    "counter": {
        "ACTIVE": 181989,
        "INACTIVE": 69,
        "INVALID": 0,
        "MALICIOUS": 0,
        "SANE": 0,
        "VALID": 0,
        "total": 182058
    },
    "percentage": {
        "ACTIVE": 99.96209999011305,
        "INACTIVE": 0.9763690391962643,
        "INVALID": 0,
        "MALICIOUS": 0,
        "SANE": 0,
        "VALID": 0,
        "total": 100.93846902930932
    }
}