{
    "counter": {
        "ACTIVE": 1005,
        "INACTIVE": 4,
        "INVALID": 0,
        "MALICIOUS": 0,
        "SANE": 0,
        "VALID": 0,
        "total": 1009
    },
    "percentage": {
        "ACTIVE": 99.60356788899901,
        "INACTIVE": 0.4329004329004329,
        "INVALID": 0,
        "MALICIOUS": 0,
        "SANE": 0,
        "VALID": 0,
        "total": 100.03646832189945
    }
}