{
    "counter": {
        "ACTIVE": 1881,
        "INACTIVE": 1090,
        "INVALID": 1,
        "MALICIOUS": 0,
        "SANE": 0,
        "VALID": 0,
        "total": 2972
    },
    "percentage": {
        "ACTIVE": 63.2907133243607,
        "INACTIVE": 36.68798384382363,
        "INVALID": 0.03645643456069996,
        "MALICIOUS": 0,
        "SANE": 0,
        "VALID": 0,
        "total": 100.01515360274504
    }
}