{
    "counter": {
        "ACTIVE": 186726,
        "INACTIVE": 69,
        "INVALID": 0,
        "MALICIOUS": 0,
        "SANE": 0,
        "VALID": 0,
        "total": 186795
    },
    "percentage": {
        "ACTIVE": 99.96306110977275,
        "INACTIVE": 0.9763690391962643,
        "INVALID": 0,
        "MALICIOUS": 0,
        "SANE": 0,
        "VALID": 0,
        "total": 100.93943014896902
    }
}