{
    "counter": {
        "ACTIVE": 4712,
        "INACTIVE": 2,
        "INVALID": 0,
        "MALICIOUS": 0,
        "SANE": 0,
        "VALID": 0,
        "total": 4714
    },
    "percentage": {
        "ACTIVE": 99.95757318625371,
        "INACTIVE": 0.05630630630630631,
        "INVALID": 0,
        "MALICIOUS": 0,
        "SANE": 0,
        "VALID": 0,
        "total": 100.01387949256002
    }
}