{
    "counter": {
        "ACTIVE": 118454,
        "INACTIVE": 69,
        "INVALID": 0,
        "MALICIOUS": 0,
        "SANE": 0,
        "VALID": 0,
        "total": 118523
    },
    "percentage": {
        "ACTIVE": 99.94178345131324,
        "INACTIVE": 0.9763690391962643,
        "INVALID": 0,
        "MALICIOUS": 0,
        "SANE": 0,
        "VALID": 0,
        "total": 100.91815249050951
    }
}