{
    "counter": {
        "ACTIVE": 175056,
        "INACTIVE": 69,
        "INVALID": 0,
        "MALICIOUS": 0,
        "SANE": 0,
        "VALID": 0,
        "total": 175125
    },
    "percentage": {
        "ACTIVE": 99.96059957173448,
        "INACTIVE": 0.9763690391962643,
        "INVALID": 0,
        "MALICIOUS": 0,
        "SANE": 0,
        "VALID": 0,
        "total": 100.93696861093075
    }
}