{
    "counter": {
        "ACTIVE": 181655,
        "INACTIVE": 69,
        "INVALID": 0,
        "MALICIOUS": 0,
        "SANE": 0,
        "VALID": 0,
        "total": 181724
    },
    "percentage": {
        "ACTIVE": 99.96203033171183,
        "INACTIVE": 0.9763690391962643,
        "INVALID": 0,
        "MALICIOUS": 0,
        "SANE": 0,
        "VALID": 0,
        "total": 100.9383993709081
    }
}