{
    "counter": {
        "ACTIVE": 8926,
        "INACTIVE": 667,
        "INVALID": 0,
        "MALICIOUS": 0,
        "SANE": 0,
        "VALID": 0,
        "total": 9593
    },
    "percentage": {
        "ACTIVE": 93.04701344730533,
        "INACTIVE": 6.961695021396514,
        "INVALID": 0,
        "MALICIOUS": 0,
        "SANE": 0,
        "VALID": 0,
        "total": 100.00870846870184
    }
}