{
    "counter": {
        "ACTIVE": 174003,
        "INACTIVE": 69,
        "INVALID": 0,
        "MALICIOUS": 0,
        "SANE": 0,
        "VALID": 0,
        "total": 174072
    },
    "percentage": {
        "ACTIVE": 99.96036122983593,
        "INACTIVE": 0.9763690391962643,
        "INVALID": 0,
        "MALICIOUS": 0,
        "SANE": 0,
        "VALID": 0,
        "total": 100.9367302690322
    }
}