{
    "counter": {
        "ACTIVE": 95648,
        "INACTIVE": 69,
        "INVALID": 0,
        "MALICIOUS": 0,
        "SANE": 0,
        "VALID": 0,
        "total": 95717
    },
    "percentage": {
        "ACTIVE": 99.92791249203381,
        "INACTIVE": 0.9763690391962643,
        "INVALID": 0,
        "MALICIOUS": 0,
        "SANE": 0,
        "VALID": 0,
        "total": 100.90428153123008
    }
}