{
    "counter": {
        "ACTIVE": 187598,
        "INACTIVE": 69,
        "INVALID": 0,
        "MALICIOUS": 0,
        "SANE": 0,
        "VALID": 0,
        "total": 187667
    },
    "percentage": {
        "ACTIVE": 99.96323274736635,
        "INACTIVE": 0.9763690391962643,
        "INVALID": 0,
        "MALICIOUS": 0,
        "SANE": 0,
        "VALID": 0,
        "total": 100.93960178656262
    }
}