{
    "counter": {
        "ACTIVE": 111564,
        "INACTIVE": 69,
        "INVALID": 0,
        "MALICIOUS": 0,
        "SANE": 0,
        "VALID": 0,
        "total": 111633
    },
    "percentage": {
        "ACTIVE": 99.93819032006665,
        "INACTIVE": 0.9763690391962643,
        "INVALID": 0,
        "MALICIOUS": 0,
        "SANE": 0,
        "VALID": 0,
        "total": 100.91455935926292
    }
}