{
    "counter": {
        "ACTIVE": 177231,
        "INACTIVE": 69,
        "INVALID": 0,
        "MALICIOUS": 0,
        "SANE": 0,
        "VALID": 0,
        "total": 177300
    },
    "percentage": {
        "ACTIVE": 99.9610829103215,
        "INACTIVE": 0.9763690391962643,
        "INVALID": 0,
        "MALICIOUS": 0,
        "SANE": 0,
        "VALID": 0,
        "total": 100.93745194951777
    }
}