{
    "counter": {
        "ACTIVE": 112233,
        "INACTIVE": 69,
        "INVALID": 0,
        "MALICIOUS": 0,
        "SANE": 0,
        "VALID": 0,
        "total": 112302
    },
    "percentage": {
        "ACTIVE": 99.9385585296789,
        "INACTIVE": 0.9763690391962643,
        "INVALID": 0,
        "MALICIOUS": 0,
        "SANE": 0,
        "VALID": 0,
        "total": 100.91492756887517
    }
}