{
    "counter": {
        "ACTIVE": 182745,
        "INACTIVE": 69,
        "INVALID": 0,
        "MALICIOUS": 0,
        "SANE": 0,
        "VALID": 0,
        "total": 182814
    },
    "percentage": {
        "ACTIVE": 99.96225671994486,
        "INACTIVE": 0.9763690391962643,
        "INVALID": 0,
        "MALICIOUS": 0,
        "SANE": 0,
        "VALID": 0,
        "total": 100.93862575914113
    }
}