{
    "counter": {
        "ACTIVE": 82084,
        "INACTIVE": 69,
        "INVALID": 0,
        "MALICIOUS": 0,
        "SANE": 0,
        "VALID": 0,
        "total": 82153
    },
    "percentage": {
        "ACTIVE": 99.91601037089333,
        "INACTIVE": 0.9763690391962643,
        "INVALID": 0,
        "MALICIOUS": 0,
        "SANE": 0,
        "VALID": 0,
        "total": 100.8923794100896
    }
}