{
    "counter": {
        "ACTIVE": 184413,
        "INACTIVE": 69,
        "INVALID": 0,
        "MALICIOUS": 0,
        "SANE": 0,
        "VALID": 0,
        "total": 184482
    },
    "percentage": {
        "ACTIVE": 99.96259797703841,
        "INACTIVE": 0.9763690391962643,
        "INVALID": 0,
        "MALICIOUS": 0,
        "SANE": 0,
        "VALID": 0,
        "total": 100.93896701623468
    }
}