{
    "counter": {
        "ACTIVE": 191617,
        "INACTIVE": 69,
        "INVALID": 0,
        "MALICIOUS": 0,
        "SANE": 0,
        "VALID": 0,
        "total": 191686
    },
    "percentage": {
        "ACTIVE": 99.9640036309381,
        "INACTIVE": 0.9763690391962643,
        "INVALID": 0,
        "MALICIOUS": 0,
        "SANE": 0,
        "VALID": 0,
        "total": 100.94037267013437
    }
}