{
    "counter": {
        "ACTIVE": 141214,
        "INACTIVE": 69,
        "INVALID": 0,
        "MALICIOUS": 0,
        "SANE": 0,
        "VALID": 0,
        "total": 141283
    },
    "percentage": {
        "ACTIVE": 99.95116185245217,
        "INACTIVE": 0.9763690391962643,
        "INVALID": 0,
        "MALICIOUS": 0,
        "SANE": 0,
        "VALID": 0,
        "total": 100.92753089164844
    }
}