{
    "counter": {
        "ACTIVE": 73351,
        "INACTIVE": 69,
        "INVALID": 0,
        "MALICIOUS": 0,
        "SANE": 0,
        "VALID": 0,
        "total": 73420
    },
    "percentage": {
        "ACTIVE": 99.9060201579951,
        "INACTIVE": 0.9763690391962643,
        "INVALID": 0,
        "MALICIOUS": 0,
        "SANE": 0,
        "VALID": 0,
        "total": 100.88238919719137
    }
}