{
    "counter": {
        "ACTIVE": 146294,
        "INACTIVE": 69,
        "INVALID": 0,
        "MALICIOUS": 0,
        "SANE": 0,
        "VALID": 0,
        "total": 146363
    },
    "percentage": {
        "ACTIVE": 99.9528569378873,
        "INACTIVE": 0.9763690391962643,
        "INVALID": 0,
        "MALICIOUS": 0,
        "SANE": 0,
        "VALID": 0,
        "total": 100.92922597708358
    }
}