{
    "counter": {
        "ACTIVE": 114289,
        "INACTIVE": 69,
        "INVALID": 0,
        "MALICIOUS": 0,
        "SANE": 0,
        "VALID": 0,
        "total": 114358
    },
    "percentage": {
        "ACTIVE": 99.93966316304937,
        "INACTIVE": 0.9763690391962643,
        "INVALID": 0,
        "MALICIOUS": 0,
        "SANE": 0,
        "VALID": 0,
        "total": 100.91603220224565
    }
}