{
    "counter": {
        "ACTIVE": 149976,
        "INACTIVE": 69,
        "INVALID": 0,
        "MALICIOUS": 0,
        "SANE": 0,
        "VALID": 0,
        "total": 150045
    },
    "percentage": {
        "ACTIVE": 99.95401379586124,
        "INACTIVE": 0.9763690391962643,
        "INVALID": 0,
        "MALICIOUS": 0,
        "SANE": 0,
        "VALID": 0,
        "total": 100.93038283505751
    }
}