{
    "counter": {
        "ACTIVE": 161059,
        "INACTIVE": 69,
        "INVALID": 0,
        "MALICIOUS": 0,
        "SANE": 0,
        "VALID": 0,
        "total": 161128
    },
    "percentage": {
        "ACTIVE": 99.95717690283502,
        "INACTIVE": 0.9763690391962643,
        "INVALID": 0,
        "MALICIOUS": 0,
        "SANE": 0,
        "VALID": 0,
        "total": 100.93354594203129
    }
}