{
    "counter": {
        "ACTIVE": 116837,
        "INACTIVE": 69,
        "INVALID": 0,
        "MALICIOUS": 0,
        "SANE": 0,
        "VALID": 0,
        "total": 116906
    },
    "percentage": {
        "ACTIVE": 99.94097822181924,
        "INACTIVE": 0.9763690391962643,
        "INVALID": 0,
        "MALICIOUS": 0,
        "SANE": 0,
        "VALID": 0,
        "total": 100.91734726101551
    }
}