{
    "counter": {
        "ACTIVE": 160357,
        "INACTIVE": 69,
        "INVALID": 0,
        "MALICIOUS": 0,
        "SANE": 0,
        "VALID": 0,
        "total": 160426
    },
    "percentage": {
        "ACTIVE": 99.9569895154152,
        "INACTIVE": 0.9763690391962643,
        "INVALID": 0,
        "MALICIOUS": 0,
        "SANE": 0,
        "VALID": 0,
        "total": 100.93335855461147
    }
}