{
    "counter": {
        "ACTIVE": 186288,
        "INACTIVE": 69,
        "INVALID": 0,
        "MALICIOUS": 0,
        "SANE": 0,
        "VALID": 0,
        "total": 186357
    },
    "percentage": {
        "ACTIVE": 99.96297429127964,
        "INACTIVE": 0.9763690391962643,
        "INVALID": 0,
        "MALICIOUS": 0,
        "SANE": 0,
        "VALID": 0,
        "total": 100.93934333047591
    }
}