{
    "counter": {
        "ACTIVE": 167263,
        "INACTIVE": 69,
        "INVALID": 0,
        "MALICIOUS": 0,
        "SANE": 0,
        "VALID": 0,
        "total": 167332
    },
    "percentage": {
        "ACTIVE": 99.95876461167022,
        "INACTIVE": 0.9763690391962643,
        "INVALID": 0,
        "MALICIOUS": 0,
        "SANE": 0,
        "VALID": 0,
        "total": 100.93513365086649
    }
}