{
    "counter": {
        "ACTIVE": 159569,
        "INACTIVE": 69,
        "INVALID": 0,
        "MALICIOUS": 0,
        "SANE": 0,
        "VALID": 0,
        "total": 159638
    },
    "percentage": {
        "ACTIVE": 99.95677720843408,
        "INACTIVE": 0.9763690391962643,
        "INVALID": 0,
        "MALICIOUS": 0,
        "SANE": 0,
        "VALID": 0,
        "total": 100.93314624763035
    }
}