{
    "counter": {
        "ACTIVE": 2903,
        "INACTIVE": 1,
        "INVALID": 0,
        "MALICIOUS": 0,
        "SANE": 0,
        "VALID": 0,
        "total": 2904
    },
    "percentage": {
        "ACTIVE": 99.96556473829202,
        "INACTIVE": 0.14727540500736377,
        "INVALID": 0,
        "MALICIOUS": 0,
        "SANE": 0,
        "VALID": 0,
        "total": 100.11284014329938
    }
}