{
    "counter": {
        "ACTIVE": 150645,
        "INACTIVE": 69,
        "INVALID": 0,
        "MALICIOUS": 0,
        "SANE": 0,
        "VALID": 0,
        "total": 150714
    },
    "percentage": {
        "ACTIVE": 99.954217922688,
        "INACTIVE": 0.9763690391962643,
        "INVALID": 0,
        "MALICIOUS": 0,
        "SANE": 0,
        "VALID": 0,
        "total": 100.93058696188427
    }
}