{
    "counter": {
        "ACTIVE": 147124,
        "INACTIVE": 69,
        "INVALID": 0,
        "MALICIOUS": 0,
        "SANE": 0,
        "VALID": 0,
        "total": 147193
    },
    "percentage": {
        "ACTIVE": 99.95312277078393,
        "INACTIVE": 0.9763690391962643,
        "INVALID": 0,
        "MALICIOUS": 0,
        "SANE": 0,
        "VALID": 0,
        "total": 100.9294918099802
    }
}