{
    "counter": {
        "ACTIVE": 7502,
        "INACTIVE": 1,
        "INVALID": 0,
        "MALICIOUS": 0,
        "SANE": 0,
        "VALID": 0,
        "total": 7503
    },
    "percentage": {
        "ACTIVE": 99.98667199786752,
        "INACTIVE": 0.02040816326530612,
        "INVALID": 0,
        "MALICIOUS": 0,
        "SANE": 0,
        "VALID": 0,
        "total": 100.00708016113282
    }
}