{
    "counter": {
        "ACTIVE": 2902,
        "INACTIVE": 1581,
        "INVALID": 1,
        "MALICIOUS": 0,
        "SANE": 0,
        "VALID": 0,
        "total": 4484
    },
    "percentage": {
        "ACTIVE": 64.71900089206066,
        "INACTIVE": 35.26656256970779,
        "INVALID": 0.03645643456069996,
        "MALICIOUS": 0,
        "SANE": 0,
        "VALID": 0,
        "total": 100.02201989632916
    }
}