{
    "counter": {
        "ACTIVE": 106693,
        "INACTIVE": 69,
        "INVALID": 0,
        "MALICIOUS": 0,
        "SANE": 0,
        "VALID": 0,
        "total": 106762
    },
    "percentage": {
        "ACTIVE": 99.9353702628276,
        "INACTIVE": 0.9763690391962643,
        "INVALID": 0,
        "MALICIOUS": 0,
        "SANE": 0,
        "VALID": 0,
        "total": 100.91173930202388
    }
}