{
    "counter": {
        "ACTIVE": 338,
        "INACTIVE": 34,
        "INVALID": 0,
        "MALICIOUS": 0,
        "SANE": 0,
        "VALID": 0,
        "total": 372
    },
    "percentage": {
        "ACTIVE": 90.86021505376344,
        "INACTIVE": 9.214092140921409,
        "INVALID": 0,
        "MALICIOUS": 0,
        "SANE": 0,
        "VALID": 0,
        "total": 100.07430719468485
    }
}