{
    "counter": {
        "ACTIVE": 130886,
        "INACTIVE": 69,
        "INVALID": 0,
        "MALICIOUS": 0,
        "SANE": 0,
        "VALID": 0,
        "total": 130955
    },
    "percentage": {
        "ACTIVE": 99.9473101447062,
        "INACTIVE": 0.9763690391962643,
        "INVALID": 0,
        "MALICIOUS": 0,
        "SANE": 0,
        "VALID": 0,
        "total": 100.92367918390246
    }
}