{
    "counter": {
        "ACTIVE": 152341,
        "INACTIVE": 69,
        "INVALID": 0,
        "MALICIOUS": 0,
        "SANE": 0,
        "VALID": 0,
        "total": 152410
    },
    "percentage": {
        "ACTIVE": 99.95472738009317,
        "INACTIVE": 0.9763690391962643,
        "INVALID": 0,
        "MALICIOUS": 0,
        "SANE": 0,
        "VALID": 0,
        "total": 100.93109641928945
    }
}