{
    "counter": {
        "ACTIVE": 9461,
        "INACTIVE": 29,
        "INVALID": 0,
        "MALICIOUS": 0,
        "SANE": 0,
        "VALID": 0,
        "total": 9490
    },
    "percentage": {
        "ACTIVE": 99.69441517386723,
        "INACTIVE": 0.3118279569892473,
        "INVALID": 0,
        "MALICIOUS": 0,
        "SANE": 0,
        "VALID": 0,
        "total": 100.00624313085648
    }
}