{
    "counter": {
        "ACTIVE": 160765,
        "INACTIVE": 69,
        "INVALID": 0,
        "MALICIOUS": 0,
        "SANE": 0,
        "VALID": 0,
        "total": 160834
    },
    "percentage": {
        "ACTIVE": 99.9570986234254,
        "INACTIVE": 0.9763690391962643,
        "INVALID": 0,
        "MALICIOUS": 0,
        "SANE": 0,
        "VALID": 0,
        "total": 100.93346766262167
    }
}