{
    "counter": {
        "ACTIVE": 160576,
        "INACTIVE": 69,
        "INVALID": 0,
        "MALICIOUS": 0,
        "SANE": 0,
        "VALID": 0,
        "total": 160645
    },
    "percentage": {
        "ACTIVE": 99.95704814964674,
        "INACTIVE": 0.9763690391962643,
        "INVALID": 0,
        "MALICIOUS": 0,
        "SANE": 0,
        "VALID": 0,
        "total": 100.93341718884301
    }
}