{
    "counter": {
        "ACTIVE": 155086,
        "INACTIVE": 69,
        "INVALID": 0,
        "MALICIOUS": 0,
        "SANE": 0,
        "VALID": 0,
        "total": 155155
    },
    "percentage": {
        "ACTIVE": 99.95552834262512,
        "INACTIVE": 0.9763690391962643,
        "INVALID": 0,
        "MALICIOUS": 0,
        "SANE": 0,
        "VALID": 0,
        "total": 100.93189738182139
    }
}