{
    "counter": {
        "ACTIVE": 174408,
        "INACTIVE": 69,
        "INVALID": 0,
        "MALICIOUS": 0,
        "SANE": 0,
        "VALID": 0,
        "total": 174477
    },
    "percentage": {
        "ACTIVE": 99.96045324025516,
        "INACTIVE": 0.9763690391962643,
        "INVALID": 0,
        "MALICIOUS": 0,
        "SANE": 0,
        "VALID": 0,
        "total": 100.93682227945143
    }
}