{
    "counter": {
        "ACTIVE": 128762,
        "INACTIVE": 69,
        "INVALID": 0,
        "MALICIOUS": 0,
        "SANE": 0,
        "VALID": 0,
        "total": 128831
    },
    "percentage": {
        "ACTIVE": 99.94644146207047,
        "INACTIVE": 0.9763690391962643,
        "INVALID": 0,
        "MALICIOUS": 0,
        "SANE": 0,
        "VALID": 0,
        "total": 100.92281050126674
    }
}