{
    "counter": {
        "ACTIVE": 168287,
        "INACTIVE": 69,
        "INVALID": 0,
        "MALICIOUS": 0,
        "SANE": 0,
        "VALID": 0,
        "total": 168356
    },
    "percentage": {
        "ACTIVE": 99.95901541970586,
        "INACTIVE": 0.9763690391962643,
        "INVALID": 0,
        "MALICIOUS": 0,
        "SANE": 0,
        "VALID": 0,
        "total": 100.93538445890213
    }
}