{
    "counter": {
        "ACTIVE": 128381,
        "INACTIVE": 69,
        "INVALID": 0,
        "MALICIOUS": 0,
        "SANE": 0,
        "VALID": 0,
        "total": 128450
    },
    "percentage": {
        "ACTIVE": 99.94628260023356,
        "INACTIVE": 0.9763690391962643,
        "INVALID": 0,
        "MALICIOUS": 0,
        "SANE": 0,
        "VALID": 0,
        "total": 100.92265163942983
    }
}