{
    "counter": {
        "ACTIVE": 139760,
        "INACTIVE": 69,
        "INVALID": 0,
        "MALICIOUS": 0,
        "SANE": 0,
        "VALID": 0,
        "total": 139829
    },
    "percentage": {
        "ACTIVE": 99.95065401311602,
        "INACTIVE": 0.9763690391962643,
        "INVALID": 0,
        "MALICIOUS": 0,
        "SANE": 0,
        "VALID": 0,
        "total": 100.9270230523123
    }
}