{
    "counter": {
        "ACTIVE": 152046,
        "INACTIVE": 69,
        "INVALID": 0,
        "MALICIOUS": 0,
        "SANE": 0,
        "VALID": 0,
        "total": 152115
    },
    "percentage": {
        "ACTIVE": 99.95463958189528,
        "INACTIVE": 0.9763690391962643,
        "INVALID": 0,
        "MALICIOUS": 0,
        "SANE": 0,
        "VALID": 0,
        "total": 100.93100862109155
    }
}