{
    "counter": {
        "ACTIVE": 189941,
        "INACTIVE": 69,
        "INVALID": 0,
        "MALICIOUS": 0,
        "SANE": 0,
        "VALID": 0,
        "total": 190010
    },
    "percentage": {
        "ACTIVE": 99.96368612178307,
        "INACTIVE": 0.9763690391962643,
        "INVALID": 0,
        "MALICIOUS": 0,
        "SANE": 0,
        "VALID": 0,
        "total": 100.94005516097934
    }
}