{
    "counter": {
        "ACTIVE": 180728,
        "INACTIVE": 69,
        "INVALID": 0,
        "MALICIOUS": 0,
        "SANE": 0,
        "VALID": 0,
        "total": 180797
    },
    "percentage": {
        "ACTIVE": 99.96183564992782,
        "INACTIVE": 0.9763690391962643,
        "INVALID": 0,
        "MALICIOUS": 0,
        "SANE": 0,
        "VALID": 0,
        "total": 100.93820468912409
    }
}