{
    "counter": {
        "ACTIVE": 94125,
        "INACTIVE": 69,
        "INVALID": 0,
        "MALICIOUS": 0,
        "SANE": 0,
        "VALID": 0,
        "total": 94194
    },
    "percentage": {
        "ACTIVE": 99.92674692655584,
        "INACTIVE": 0.9763690391962643,
        "INVALID": 0,
        "MALICIOUS": 0,
        "SANE": 0,
        "VALID": 0,
        "total": 100.90311596575211
    }
}