{
    "counter": {
        "ACTIVE": 119856,
        "INACTIVE": 69,
        "INVALID": 0,
        "MALICIOUS": 0,
        "SANE": 0,
        "VALID": 0,
        "total": 119925
    },
    "percentage": {
        "ACTIVE": 99.94246404002502,
        "INACTIVE": 0.9763690391962643,
        "INVALID": 0,
        "MALICIOUS": 0,
        "SANE": 0,
        "VALID": 0,
        "total": 100.91883307922129
    }
}