{
    "counter": {
        "ACTIVE": 154323,
        "INACTIVE": 69,
        "INVALID": 0,
        "MALICIOUS": 0,
        "SANE": 0,
        "VALID": 0,
        "total": 154392
    },
    "percentage": {
        "ACTIVE": 99.95530856521063,
        "INACTIVE": 0.9763690391962643,
        "INVALID": 0,
        "MALICIOUS": 0,
        "SANE": 0,
        "VALID": 0,
        "total": 100.9316776044069
    }
}