{
    "counter": {
        "ACTIVE": 187901,
        "INACTIVE": 69,
        "INVALID": 0,
        "MALICIOUS": 0,
        "SANE": 0,
        "VALID": 0,
        "total": 187970
    },
    "percentage": {
        "ACTIVE": 99.96329201468319,
        "INACTIVE": 0.9763690391962643,
        "INVALID": 0,
        "MALICIOUS": 0,
        "SANE": 0,
        "VALID": 0,
        "total": 100.93966105387946
    }
}