{
    "counter": {
        "ACTIVE": 181002,
        "INACTIVE": 69,
        "INVALID": 0,
        "MALICIOUS": 0,
        "SANE": 0,
        "VALID": 0,
        "total": 181071
    },
    "percentage": {
        "ACTIVE": 99.96189340093113,
        "INACTIVE": 0.9763690391962643,
        "INVALID": 0,
        "MALICIOUS": 0,
        "SANE": 0,
        "VALID": 0,
        "total": 100.9382624401274
    }
}