{
    "counter": {
        "ACTIVE": 190127,
        "INACTIVE": 69,
        "INVALID": 0,
        "MALICIOUS": 0,
        "SANE": 0,
        "VALID": 0,
        "total": 190196
    },
    "percentage": {
        "ACTIVE": 99.96372163452439,
        "INACTIVE": 0.9763690391962643,
        "INVALID": 0,
        "MALICIOUS": 0,
        "SANE": 0,
        "VALID": 0,
        "total": 100.94009067372066
    }
}