{
    "counter": {
        "ACTIVE": 191291,
        "INACTIVE": 69,
        "INVALID": 0,
        "MALICIOUS": 0,
        "SANE": 0,
        "VALID": 0,
        "total": 191360
    },
    "percentage": {
        "ACTIVE": 99.9639423076923,
        "INACTIVE": 0.9763690391962643,
        "INVALID": 0,
        "MALICIOUS": 0,
        "SANE": 0,
        "VALID": 0,
        "total": 100.94031134688858
    }
}