{
    "counter": {
        "ACTIVE": 120893,
        "INACTIVE": 69,
        "INVALID": 0,
        "MALICIOUS": 0,
        "SANE": 0,
        "VALID": 0,
        "total": 120962
    },
    "percentage": {
        "ACTIVE": 99.94295729237281,
        "INACTIVE": 0.9763690391962643,
        "INVALID": 0,
        "MALICIOUS": 0,
        "SANE": 0,
        "VALID": 0,
        "total": 100.91932633156908
    }
}