{
    "counter": {
        "ACTIVE": 112673,
        "INACTIVE": 69,
        "INVALID": 0,
        "MALICIOUS": 0,
        "SANE": 0,
        "VALID": 0,
        "total": 112742
    },
    "percentage": {
        "ACTIVE": 99.93879831828423,
        "INACTIVE": 0.9763690391962643,
        "INVALID": 0,
        "MALICIOUS": 0,
        "SANE": 0,
        "VALID": 0,
        "total": 100.9151673574805
    }
}