{
    "counter": {
        "ACTIVE": 154326,
        "INACTIVE": 69,
        "INVALID": 0,
        "MALICIOUS": 0,
        "SANE": 0,
        "VALID": 0,
        "total": 154395
    },
    "percentage": {
        "ACTIVE": 99.95530943359564,
        "INACTIVE": 0.9763690391962643,
        "INVALID": 0,
        "MALICIOUS": 0,
        "SANE": 0,
        "VALID": 0,
        "total": 100.93167847279192
    }
}