{
    "counter": {
        "ACTIVE": 79045,
        "INACTIVE": 69,
        "INVALID": 0,
        "MALICIOUS": 0,
        "SANE": 0,
        "VALID": 0,
        "total": 79114
    },
    "percentage": {
        "ACTIVE": 99.91278408372727,
        "INACTIVE": 0.9763690391962643,
        "INVALID": 0,
        "MALICIOUS": 0,
        "SANE": 0,
        "VALID": 0,
        "total": 100.88915312292355
    }
}