{
    "counter": {
        "ACTIVE": 9383,
        "INACTIVE": 1,
        "INVALID": 0,
        "MALICIOUS": 0,
        "SANE": 0,
        "VALID": 0,
        "total": 9384
    },
    "percentage": {
        "ACTIVE": 99.98934356351236,
        "INACTIVE": 0.012462612163509471,
        "INVALID": 0,
        "MALICIOUS": 0,
        "SANE": 0,
        "VALID": 0,
        "total": 100.00180617567587
    }
}