{
    "counter": {
        "ACTIVE": 152533,
        "INACTIVE": 69,
        "INVALID": 0,
        "MALICIOUS": 0,
        "SANE": 0,
        "VALID": 0,
        "total": 152602
    },
    "percentage": {
        "ACTIVE": 99.95478434096539,
        "INACTIVE": 0.9763690391962643,
        "INVALID": 0,
        "MALICIOUS": 0,
        "SANE": 0,
        "VALID": 0,
        "total": 100.93115338016166
    }
}