{
    "counter": {
        "ACTIVE": 149069,
        "INACTIVE": 69,
        "INVALID": 0,
        "MALICIOUS": 0,
        "SANE": 0,
        "VALID": 0,
        "total": 149138
    },
    "percentage": {
        "ACTIVE": 99.95373412544086,
        "INACTIVE": 0.9763690391962643,
        "INVALID": 0,
        "MALICIOUS": 0,
        "SANE": 0,
        "VALID": 0,
        "total": 100.93010316463713
    }
}