{
    "counter": {
        "ACTIVE": 166185,
        "INACTIVE": 69,
        "INVALID": 0,
        "MALICIOUS": 0,
        "SANE": 0,
        "VALID": 0,
        "total": 166254
    },
    "percentage": {
        "ACTIVE": 99.95849723916417,
        "INACTIVE": 0.9763690391962643,
        "INVALID": 0,
        "MALICIOUS": 0,
        "SANE": 0,
        "VALID": 0,
        "total": 100.93486627836045
    }
}