{
    "counter": {
        "ACTIVE": 149305,
        "INACTIVE": 69,
        "INVALID": 0,
        "MALICIOUS": 0,
        "SANE": 0,
        "VALID": 0,
        "total": 149374
    },
    "percentage": {
        "ACTIVE": 99.9538072221404,
        "INACTIVE": 0.9763690391962643,
        "INVALID": 0,
        "MALICIOUS": 0,
        "SANE": 0,
        "VALID": 0,
        "total": 100.93017626133667
    }
}