{
    "counter": {
        "ACTIVE": 132173,
        "INACTIVE": 69,
        "INVALID": 0,
        "MALICIOUS": 0,
        "SANE": 0,
        "VALID": 0,
        "total": 132242
    },
    "percentage": {
        "ACTIVE": 99.94782293068768,
        "INACTIVE": 0.9763690391962643,
        "INVALID": 0,
        "MALICIOUS": 0,
        "SANE": 0,
        "VALID": 0,
        "total": 100.92419196988395
    }
}