{
    "counter": {
        "ACTIVE": 103721,
        "INACTIVE": 69,
        "INVALID": 0,
        "MALICIOUS": 0,
        "SANE": 0,
        "VALID": 0,
        "total": 103790
    },
    "percentage": {
        "ACTIVE": 99.93351960689854,
        "INACTIVE": 0.9763690391962643,
        "INVALID": 0,
        "MALICIOUS": 0,
        "SANE": 0,
        "VALID": 0,
        "total": 100.90988864609481
    }
}