{
    "counter": {
        "ACTIVE": 164014,
        "INACTIVE": 69,
        "INVALID": 0,
        "MALICIOUS": 0,
        "SANE": 0,
        "VALID": 0,
        "total": 164083
    },
    "percentage": {
        "ACTIVE": 99.95794811162644,
        "INACTIVE": 0.9763690391962643,
        "INVALID": 0,
        "MALICIOUS": 0,
        "SANE": 0,
        "VALID": 0,
        "total": 100.93431715082271
    }
}