{
    "counter": {
        "ACTIVE": 140904,
        "INACTIVE": 69,
        "INVALID": 0,
        "MALICIOUS": 0,
        "SANE": 0,
        "VALID": 0,
        "total": 140973
    },
    "percentage": {
        "ACTIVE": 99.9510544572365,
        "INACTIVE": 0.9763690391962643,
        "INVALID": 0,
        "MALICIOUS": 0,
        "SANE": 0,
        "VALID": 0,
        "total": 100.92742349643277
    }
}