{
    "counter": {
        "ACTIVE": 158529,
        "INACTIVE": 69,
        "INVALID": 0,
        "MALICIOUS": 0,
        "SANE": 0,
        "VALID": 0,
        "total": 158598
    },
    "percentage": {
        "ACTIVE": 99.9564937767185,
        "INACTIVE": 0.9763690391962643,
        "INVALID": 0,
        "MALICIOUS": 0,
        "SANE": 0,
        "VALID": 0,
        "total": 100.93286281591477
    }
}