{
    "counter": {
        "ACTIVE": 113474,
        "INACTIVE": 69,
        "INVALID": 0,
        "MALICIOUS": 0,
        "SANE": 0,
        "VALID": 0,
        "total": 113543
    },
    "percentage": {
        "ACTIVE": 99.93923007142668,
        "INACTIVE": 0.9763690391962643,
        "INVALID": 0,
        "MALICIOUS": 0,
        "SANE": 0,
        "VALID": 0,
        "total": 100.91559911062295
    }
}