{
    "counter": {
        "ACTIVE": 163526,
        "INACTIVE": 69,
        "INVALID": 0,
        "MALICIOUS": 0,
        "SANE": 0,
        "VALID": 0,
        "total": 163595
    },
    "percentage": {
        "ACTIVE": 99.95782267184205,
        "INACTIVE": 0.9763690391962643,
        "INVALID": 0,
        "MALICIOUS": 0,
        "SANE": 0,
        "VALID": 0,
        "total": 100.93419171103832
    }
}