{
    "counter": {
        "ACTIVE": 161815,
        "INACTIVE": 69,
        "INVALID": 0,
        "MALICIOUS": 0,
        "SANE": 0,
        "VALID": 0,
        "total": 161884
    },
    "percentage": {
        "ACTIVE": 99.95737688715377,
        "INACTIVE": 0.9763690391962643,
        "INVALID": 0,
        "MALICIOUS": 0,
        "SANE": 0,
        "VALID": 0,
        "total": 100.93374592635004
    }
}