{
    "counter": {
        "ACTIVE": 186626,
        "INACTIVE": 69,
        "INVALID": 0,
        "MALICIOUS": 0,
        "SANE": 0,
        "VALID": 0,
        "total": 186695
    },
    "percentage": {
        "ACTIVE": 99.96304132408474,
        "INACTIVE": 0.9763690391962643,
        "INVALID": 0,
        "MALICIOUS": 0,
        "SANE": 0,
        "VALID": 0,
        "total": 100.93941036328101
    }
}