{
    "counter": {
        "ACTIVE": 148085,
        "INACTIVE": 69,
        "INVALID": 0,
        "MALICIOUS": 0,
        "SANE": 0,
        "VALID": 0,
        "total": 148154
    },
    "percentage": {
        "ACTIVE": 99.95342683963983,
        "INACTIVE": 0.9763690391962643,
        "INVALID": 0,
        "MALICIOUS": 0,
        "SANE": 0,
        "VALID": 0,
        "total": 100.9297958788361
    }
}