{
    "counter": {
        "ACTIVE": 2136,
        "INACTIVE": 5,
        "INVALID": 0,
        "MALICIOUS": 0,
        "SANE": 0,
        "VALID": 0,
        "total": 2141
    },
    "percentage": {
        "ACTIVE": 99.76646426903316,
        "INACTIVE": 0.2895193977996526,
        "INVALID": 0,
        "MALICIOUS": 0,
        "SANE": 0,
        "VALID": 0,
        "total": 100.05598366683282
    }
}