{
    "counter": {
        "ACTIVE": 1412,
        "INACTIVE": 615,
        "INVALID": 0,
        "MALICIOUS": 0,
        "SANE": 0,
        "VALID": 0,
        "total": 2027
    },
    "percentage": {
        "ACTIVE": 69.65959546127281,
        "INACTIVE": 30.37037037037037,
        "INVALID": 0,
        "MALICIOUS": 0,
        "SANE": 0,
        "VALID": 0,
        "total": 100.02996583164318
    }
}