{
    "counter": {
        "ACTIVE": 146877,
        "INACTIVE": 69,
        "INVALID": 0,
        "MALICIOUS": 0,
        "SANE": 0,
        "VALID": 0,
        "total": 146946
    },
    "percentage": {
        "ACTIVE": 99.95304397533788,
        "INACTIVE": 0.9763690391962643,
        "INVALID": 0,
        "MALICIOUS": 0,
        "SANE": 0,
        "VALID": 0,
        "total": 100.92941301453415
    }
}