{
    "counter": {
        "ACTIVE": 176914,
        "INACTIVE": 69,
        "INVALID": 0,
        "MALICIOUS": 0,
        "SANE": 0,
        "VALID": 0,
        "total": 176983
    },
    "percentage": {
        "ACTIVE": 99.96101320465807,
        "INACTIVE": 0.9763690391962643,
        "INVALID": 0,
        "MALICIOUS": 0,
        "SANE": 0,
        "VALID": 0,
        "total": 100.93738224385434
    }
}