{
    "counter": {
        "ACTIVE": 137682,
        "INACTIVE": 69,
        "INVALID": 0,
        "MALICIOUS": 0,
        "SANE": 0,
        "VALID": 0,
        "total": 137751
    },
    "percentage": {
        "ACTIVE": 99.9499096195309,
        "INACTIVE": 0.9763690391962643,
        "INVALID": 0,
        "MALICIOUS": 0,
        "SANE": 0,
        "VALID": 0,
        "total": 100.92627865872717
    }
}