{
    "counter": {
        "ACTIVE": 176979,
        "INACTIVE": 69,
        "INVALID": 0,
        "MALICIOUS": 0,
        "SANE": 0,
        "VALID": 0,
        "total": 177048
    },
    "percentage": {
        "ACTIVE": 99.96102751796123,
        "INACTIVE": 0.9763690391962643,
        "INVALID": 0,
        "MALICIOUS": 0,
        "SANE": 0,
        "VALID": 0,
        "total": 100.9373965571575
    }
}