{
    "counter": {
        "ACTIVE": 123659,
        "INACTIVE": 69,
        "INVALID": 0,
        "MALICIOUS": 0,
        "SANE": 0,
        "VALID": 0,
        "total": 123728
    },
    "percentage": {
        "ACTIVE": 99.94423251002199,
        "INACTIVE": 0.9763690391962643,
        "INVALID": 0,
        "MALICIOUS": 0,
        "SANE": 0,
        "VALID": 0,
        "total": 100.92060154921826
    }
}