{
    "counter": {
        "ACTIVE": 166172,
        "INACTIVE": 69,
        "INVALID": 0,
        "MALICIOUS": 0,
        "SANE": 0,
        "VALID": 0,
        "total": 166241
    },
    "percentage": {
        "ACTIVE": 99.9584939936598,
        "INACTIVE": 0.9763690391962643,
        "INVALID": 0,
        "MALICIOUS": 0,
        "SANE": 0,
        "VALID": 0,
        "total": 100.93486303285607
    }
}