{
    "counter": {
        "ACTIVE": 124507,
        "INACTIVE": 69,
        "INVALID": 0,
        "MALICIOUS": 0,
        "SANE": 0,
        "VALID": 0,
        "total": 124576
    },
    "percentage": {
        "ACTIVE": 99.94461212432572,
        "INACTIVE": 0.9763690391962643,
        "INVALID": 0,
        "MALICIOUS": 0,
        "SANE": 0,
        "VALID": 0,
        "total": 100.92098116352199
    }
}