{
    "counter": {
        "ACTIVE": 156519,
        "INACTIVE": 69,
        "INVALID": 0,
        "MALICIOUS": 0,
        "SANE": 0,
        "VALID": 0,
        "total": 156588
    },
    "percentage": {
        "ACTIVE": 99.95593532071423,
        "INACTIVE": 0.9763690391962643,
        "INVALID": 0,
        "MALICIOUS": 0,
        "SANE": 0,
        "VALID": 0,
        "total": 100.9323043599105
    }
}