{
    "counter": {
        "ACTIVE": 135346,
        "INACTIVE": 69,
        "INVALID": 0,
        "MALICIOUS": 0,
        "SANE": 0,
        "VALID": 0,
        "total": 135415
    },
    "percentage": {
        "ACTIVE": 99.94904552671417,
        "INACTIVE": 0.9763690391962643,
        "INVALID": 0,
        "MALICIOUS": 0,
        "SANE": 0,
        "VALID": 0,
        "total": 100.92541456591044
    }
}