{
    "counter": {
        "ACTIVE": 121822,
        "INACTIVE": 69,
        "INVALID": 0,
        "MALICIOUS": 0,
        "SANE": 0,
        "VALID": 0,
        "total": 121891
    },
    "percentage": {
        "ACTIVE": 99.9433920469928,
        "INACTIVE": 0.9763690391962643,
        "INVALID": 0,
        "MALICIOUS": 0,
        "SANE": 0,
        "VALID": 0,
        "total": 100.91976108618907
    }
}