{
    "counter": {
        "ACTIVE": 175484,
        "INACTIVE": 69,
        "INVALID": 0,
        "MALICIOUS": 0,
        "SANE": 0,
        "VALID": 0,
        "total": 175553
    },
    "percentage": {
        "ACTIVE": 99.96069563037943,
        "INACTIVE": 0.9763690391962643,
        "INVALID": 0,
        "MALICIOUS": 0,
        "SANE": 0,
        "VALID": 0,
        "total": 100.9370646695757
    }
}