{
    "counter": {
        "ACTIVE": 139807,
        "INACTIVE": 69,
        "INVALID": 0,
        "MALICIOUS": 0,
        "SANE": 0,
        "VALID": 0,
        "total": 139876
    },
    "percentage": {
        "ACTIVE": 99.95067059395464,
        "INACTIVE": 0.9763690391962643,
        "INVALID": 0,
        "MALICIOUS": 0,
        "SANE": 0,
        "VALID": 0,
        "total": 100.92703963315091
    }
}