{
    "counter": {
        "ACTIVE": 183226,
        "INACTIVE": 69,
        "INVALID": 0,
        "MALICIOUS": 0,
        "SANE": 0,
        "VALID": 0,
        "total": 183295
    },
    "percentage": {
        "ACTIVE": 99.96235576529638,
        "INACTIVE": 0.9763690391962643,
        "INVALID": 0,
        "MALICIOUS": 0,
        "SANE": 0,
        "VALID": 0,
        "total": 100.93872480449265
    }
}