{
    "counter": {
        "ACTIVE": 148740,
        "INACTIVE": 69,
        "INVALID": 0,
        "MALICIOUS": 0,
        "SANE": 0,
        "VALID": 0,
        "total": 148809
    },
    "percentage": {
        "ACTIVE": 99.95363183678407,
        "INACTIVE": 0.9763690391962643,
        "INVALID": 0,
        "MALICIOUS": 0,
        "SANE": 0,
        "VALID": 0,
        "total": 100.93000087598034
    }
}