{
    "counter": {
        "ACTIVE": 137330,
        "INACTIVE": 69,
        "INVALID": 0,
        "MALICIOUS": 0,
        "SANE": 0,
        "VALID": 0,
        "total": 137399
    },
    "percentage": {
        "ACTIVE": 99.94978129389588,
        "INACTIVE": 0.9763690391962643,
        "INVALID": 0,
        "MALICIOUS": 0,
        "SANE": 0,
        "VALID": 0,
        "total": 100.92615033309215
    }
}