{
    "counter": {
        "ACTIVE": 237,
        "INACTIVE": 2,
        "INVALID": 0,
        "MALICIOUS": 0,
        "SANE": 0,
        "VALID": 0,
        "total": 239
    },
    "percentage": {
        "ACTIVE": 99.16317991631799,
        "INACTIVE": 1.6528925619834711,
        "INVALID": 0,
        "MALICIOUS": 0,
        "SANE": 0,
        "VALID": 0,
        "total": 100.81607247830146
    }
}