{
    "counter": {
        "ACTIVE": 9425,
        "INACTIVE": 29,
        "INVALID": 0,
        "MALICIOUS": 0,
        "SANE": 0,
        "VALID": 0,
        "total": 9454
    },
    "percentage": {
        "ACTIVE": 99.69325153374233,
        "INACTIVE": 0.3454025726536446,
        "INVALID": 0,
        "MALICIOUS": 0,
        "SANE": 0,
        "VALID": 0,
        "total": 100.03865410639597
    }
}