{
    "counter": {
        "ACTIVE": 3306,
        "INACTIVE": 1820,
        "INVALID": 1,
        "MALICIOUS": 0,
        "SANE": 0,
        "VALID": 0,
        "total": 5127
    },
    "percentage": {
        "ACTIVE": 64.49473273507608,
        "INACTIVE": 35.498342110395946,
        "INVALID": 0.03645643456069996,
        "MALICIOUS": 0,
        "SANE": 0,
        "VALID": 0,
        "total": 100.02953128003273
    }
}