{
    "counter": {
        "ACTIVE": 177672,
        "INACTIVE": 69,
        "INVALID": 0,
        "MALICIOUS": 0,
        "SANE": 0,
        "VALID": 0,
        "total": 177741
    },
    "percentage": {
        "ACTIVE": 99.96117946900264,
        "INACTIVE": 0.9763690391962643,
        "INVALID": 0,
        "MALICIOUS": 0,
        "SANE": 0,
        "VALID": 0,
        "total": 100.93754850819892
    }
}