{
    "counter": {
        "ACTIVE": 177663,
        "INACTIVE": 69,
        "INVALID": 0,
        "MALICIOUS": 0,
        "SANE": 0,
        "VALID": 0,
        "total": 177732
    },
    "percentage": {
        "ACTIVE": 99.96117750320708,
        "INACTIVE": 0.9763690391962643,
        "INVALID": 0,
        "MALICIOUS": 0,
        "SANE": 0,
        "VALID": 0,
        "total": 100.93754654240335
    }
}