{
    "counter": {
        "ACTIVE": 157740,
        "INACTIVE": 69,
        "INVALID": 0,
        "MALICIOUS": 0,
        "SANE": 0,
        "VALID": 0,
        "total": 157809
    },
    "percentage": {
        "ACTIVE": 99.9562762580081,
        "INACTIVE": 0.9763690391962643,
        "INVALID": 0,
        "MALICIOUS": 0,
        "SANE": 0,
        "VALID": 0,
        "total": 100.93264529720437
    }
}