{
    "counter": {
        "ACTIVE": 160806,
        "INACTIVE": 69,
        "INVALID": 0,
        "MALICIOUS": 0,
        "SANE": 0,
        "VALID": 0,
        "total": 160875
    },
    "percentage": {
        "ACTIVE": 99.95710955710956,
        "INACTIVE": 0.9763690391962643,
        "INVALID": 0,
        "MALICIOUS": 0,
        "SANE": 0,
        "VALID": 0,
        "total": 100.93347859630583
    }
}