{
    "counter": {
        "ACTIVE": 177909,
        "INACTIVE": 69,
        "INVALID": 0,
        "MALICIOUS": 0,
        "SANE": 0,
        "VALID": 0,
        "total": 177978
    },
    "percentage": {
        "ACTIVE": 99.96123116340222,
        "INACTIVE": 0.9763690391962643,
        "INVALID": 0,
        "MALICIOUS": 0,
        "SANE": 0,
        "VALID": 0,
        "total": 100.93760020259849
    }
}