{
    "counter": {
        "ACTIVE": 179946,
        "INACTIVE": 69,
        "INVALID": 0,
        "MALICIOUS": 0,
        "SANE": 0,
        "VALID": 0,
        "total": 180015
    },
    "percentage": {
        "ACTIVE": 99.96166986084494,
        "INACTIVE": 0.9763690391962643,
        "INVALID": 0,
        "MALICIOUS": 0,
        "SANE": 0,
        "VALID": 0,
        "total": 100.9380389000412
    }
}