{
    "counter": {
        "ACTIVE": 143022,
        "INACTIVE": 69,
        "INVALID": 0,
        "MALICIOUS": 0,
        "SANE": 0,
        "VALID": 0,
        "total": 143091
    },
    "percentage": {
        "ACTIVE": 99.95177893787869,
        "INACTIVE": 0.9763690391962643,
        "INVALID": 0,
        "MALICIOUS": 0,
        "SANE": 0,
        "VALID": 0,
        "total": 100.92814797707496
    }
}