{
    "counter": {
        "ACTIVE": 188892,
        "INACTIVE": 69,
        "INVALID": 0,
        "MALICIOUS": 0,
        "SANE": 0,
        "VALID": 0,
        "total": 188961
    },
    "percentage": {
        "ACTIVE": 99.96348452855351,
        "INACTIVE": 0.9763690391962643,
        "INVALID": 0,
        "MALICIOUS": 0,
        "SANE": 0,
        "VALID": 0,
        "total": 100.93985356774978
    }
}