{
    "counter": {
        "ACTIVE": 155941,
        "INACTIVE": 69,
        "INVALID": 0,
        "MALICIOUS": 0,
        "SANE": 0,
        "VALID": 0,
        "total": 156010
    },
    "percentage": {
        "ACTIVE": 99.95577206589321,
        "INACTIVE": 0.9763690391962643,
        "INVALID": 0,
        "MALICIOUS": 0,
        "SANE": 0,
        "VALID": 0,
        "total": 100.93214110508949
    }
}