{
    "counter": {
        "ACTIVE": 158854,
        "INACTIVE": 69,
        "INVALID": 0,
        "MALICIOUS": 0,
        "SANE": 0,
        "VALID": 0,
        "total": 158923
    },
    "percentage": {
        "ACTIVE": 99.95658274761992,
        "INACTIVE": 0.9763690391962643,
        "INVALID": 0,
        "MALICIOUS": 0,
        "SANE": 0,
        "VALID": 0,
        "total": 100.93295178681619
    }
}