{
    "counter": {
        "ACTIVE": 2479,
        "INACTIVE": 5,
        "INVALID": 0,
        "MALICIOUS": 0,
        "SANE": 0,
        "VALID": 0,
        "total": 2484
    },
    "percentage": {
        "ACTIVE": 99.7987117552335,
        "INACTIVE": 0.2653927813163482,
        "INVALID": 0,
        "MALICIOUS": 0,
        "SANE": 0,
        "VALID": 0,
        "total": 100.06410453654985
    }
}