{
    "counter": {
        "ACTIVE": 174565,
        "INACTIVE": 69,
        "INVALID": 0,
        "MALICIOUS": 0,
        "SANE": 0,
        "VALID": 0,
        "total": 174634
    },
    "percentage": {
        "ACTIVE": 99.9604887937057,
        "INACTIVE": 0.9763690391962643,
        "INVALID": 0,
        "MALICIOUS": 0,
        "SANE": 0,
        "VALID": 0,
        "total": 100.93685783290196
    }
}