{
    "counter": {
        "ACTIVE": 190252,
        "INACTIVE": 69,
        "INVALID": 0,
        "MALICIOUS": 0,
        "SANE": 0,
        "VALID": 0,
        "total": 190321
    },
    "percentage": {
        "ACTIVE": 99.96374546161485,
        "INACTIVE": 0.9763690391962643,
        "INVALID": 0,
        "MALICIOUS": 0,
        "SANE": 0,
        "VALID": 0,
        "total": 100.94011450081112
    }
}