{
    "counter": {
        "ACTIVE": 178099,
        "INACTIVE": 69,
        "INVALID": 0,
        "MALICIOUS": 0,
        "SANE": 0,
        "VALID": 0,
        "total": 178168
    },
    "percentage": {
        "ACTIVE": 99.96127250684746,
        "INACTIVE": 0.9763690391962643,
        "INVALID": 0,
        "MALICIOUS": 0,
        "SANE": 0,
        "VALID": 0,
        "total": 100.93764154604374
    }
}