{
    "counter": {
        "ACTIVE": 109074,
        "INACTIVE": 69,
        "INVALID": 0,
        "MALICIOUS": 0,
        "SANE": 0,
        "VALID": 0,
        "total": 109143
    },
    "percentage": {
        "ACTIVE": 99.93678018746049,
        "INACTIVE": 0.9763690391962643,
        "INVALID": 0,
        "MALICIOUS": 0,
        "SANE": 0,
        "VALID": 0,
        "total": 100.91314922665676
    }
}