{
    "counter": {
        "ACTIVE": 129815,
        "INACTIVE": 69,
        "INVALID": 0,
        "MALICIOUS": 0,
        "SANE": 0,
        "VALID": 0,
        "total": 129884
    },
    "percentage": {
        "ACTIVE": 99.94687567367805,
        "INACTIVE": 0.9763690391962643,
        "INVALID": 0,
        "MALICIOUS": 0,
        "SANE": 0,
        "VALID": 0,
        "total": 100.92324471287432
    }
}