{
    "counter": {
        "ACTIVE": 9437,
        "INACTIVE": 65,
        "INVALID": 0,
        "MALICIOUS": 0,
        "SANE": 0,
        "VALID": 0,
        "total": 9502
    },
    "percentage": {
        "ACTIVE": 99.3159334876868,
        "INACTIVE": 0.6928898838076964,
        "INVALID": 0,
        "MALICIOUS": 0,
        "SANE": 0,
        "VALID": 0,
        "total": 100.0088233714945
    }
}