{
    "counter": {
        "ACTIVE": 127165,
        "INACTIVE": 69,
        "INVALID": 0,
        "MALICIOUS": 0,
        "SANE": 0,
        "VALID": 0,
        "total": 127234
    },
    "percentage": {
        "ACTIVE": 99.94576921263184,
        "INACTIVE": 0.9763690391962643,
        "INVALID": 0,
        "MALICIOUS": 0,
        "SANE": 0,
        "VALID": 0,
        "total": 100.92213825182812
    }
}