{
    "counter": {
        "ACTIVE": 181843,
        "INACTIVE": 69,
        "INVALID": 0,
        "MALICIOUS": 0,
        "SANE": 0,
        "VALID": 0,
        "total": 181912
    },
    "percentage": {
        "ACTIVE": 99.9620695721008,
        "INACTIVE": 0.9763690391962643,
        "INVALID": 0,
        "MALICIOUS": 0,
        "SANE": 0,
        "VALID": 0,
        "total": 100.93843861129707
    }
}