{
    "counter": {
        "ACTIVE": 64191,
        "INACTIVE": 69,
        "INVALID": 0,
        "MALICIOUS": 0,
        "SANE": 0,
        "VALID": 0,
        "total": 64260
    },
    "percentage": {
        "ACTIVE": 99.89262371615312,
        "INACTIVE": 0.9763690391962643,
        "INVALID": 0,
        "MALICIOUS": 0,
        "SANE": 0,
        "VALID": 0,
        "total": 100.8689927553494
    }
}