{
    "counter": {
        "ACTIVE": 128069,
        "INACTIVE": 69,
        "INVALID": 0,
        "MALICIOUS": 0,
        "SANE": 0,
        "VALID": 0,
        "total": 128138
    },
    "percentage": {
        "ACTIVE": 99.94615180508514,
        "INACTIVE": 0.9763690391962643,
        "INVALID": 0,
        "MALICIOUS": 0,
        "SANE": 0,
        "VALID": 0,
        "total": 100.92252084428141
    }
}