{
    "counter": {
        "ACTIVE": 144464,
        "INACTIVE": 69,
        "INVALID": 0,
        "MALICIOUS": 0,
        "SANE": 0,
        "VALID": 0,
        "total": 144533
    },
    "percentage": {
        "ACTIVE": 99.95226003750008,
        "INACTIVE": 0.9763690391962643,
        "INVALID": 0,
        "MALICIOUS": 0,
        "SANE": 0,
        "VALID": 0,
        "total": 100.92862907669635
    }
}