{
    "counter": {
        "ACTIVE": 6153,
        "INACTIVE": 1,
        "INVALID": 0,
        "MALICIOUS": 0,
        "SANE": 0,
        "VALID": 0,
        "total": 6154
    },
    "percentage": {
        "ACTIVE": 99.98375040623985,
        "INACTIVE": 0.02310536044362292,
        "INVALID": 0,
        "MALICIOUS": 0,
        "SANE": 0,
        "VALID": 0,
        "total": 100.00685576668347
    }
}