{
    "counter": {
        "ACTIVE": 178820,
        "INACTIVE": 69,
        "INVALID": 0,
        "MALICIOUS": 0,
        "SANE": 0,
        "VALID": 0,
        "total": 178889
    },
    "percentage": {
        "ACTIVE": 99.96142859538597,
        "INACTIVE": 0.9763690391962643,
        "INVALID": 0,
        "MALICIOUS": 0,
        "SANE": 0,
        "VALID": 0,
        "total": 100.93779763458224
    }
}