{
    "counter": {
        "ACTIVE": 3509,
        "INACTIVE": 9,
        "INVALID": 0,
        "MALICIOUS": 0,
        "SANE": 0,
        "VALID": 0,
        "total": 3518
    },
    "percentage": {
        "ACTIVE": 99.74417282546902,
        "INACTIVE": 0.5840363400389358,
        "INVALID": 0,
        "MALICIOUS": 0,
        "SANE": 0,
        "VALID": 0,
        "total": 100.32820916550796
    }
}