{
    "counter": {
        "ACTIVE": 186549,
        "INACTIVE": 69,
        "INVALID": 0,
        "MALICIOUS": 0,
        "SANE": 0,
        "VALID": 0,
        "total": 186618
    },
    "percentage": {
        "ACTIVE": 99.96302607465518,
        "INACTIVE": 0.9763690391962643,
        "INVALID": 0,
        "MALICIOUS": 0,
        "SANE": 0,
        "VALID": 0,
        "total": 100.93939511385145
    }
}