{
    "counter": {
        "ACTIVE": 191168,
        "INACTIVE": 69,
        "INVALID": 0,
        "MALICIOUS": 0,
        "SANE": 0,
        "VALID": 0,
        "total": 191237
    },
    "percentage": {
        "ACTIVE": 99.96391911607064,
        "INACTIVE": 0.9763690391962643,
        "INVALID": 0,
        "MALICIOUS": 0,
        "SANE": 0,
        "VALID": 0,
        "total": 100.94028815526691
    }
}