{
    "counter": {
        "ACTIVE": 164725,
        "INACTIVE": 69,
        "INVALID": 0,
        "MALICIOUS": 0,
        "SANE": 0,
        "VALID": 0,
        "total": 164794
    },
    "percentage": {
        "ACTIVE": 99.95812954355134,
        "INACTIVE": 0.9763690391962643,
        "INVALID": 0,
        "MALICIOUS": 0,
        "SANE": 0,
        "VALID": 0,
        "total": 100.93449858274761
    }
}