{
    "counter": {
        "ACTIVE": 177714,
        "INACTIVE": 69,
        "INVALID": 0,
        "MALICIOUS": 0,
        "SANE": 0,
        "VALID": 0,
        "total": 177783
    },
    "percentage": {
        "ACTIVE": 99.96118864008369,
        "INACTIVE": 0.9763690391962643,
        "INVALID": 0,
        "MALICIOUS": 0,
        "SANE": 0,
        "VALID": 0,
        "total": 100.93755767927996
    }
}