{
    "counter": {
        "ACTIVE": 143446,
        "INACTIVE": 69,
        "INVALID": 0,
        "MALICIOUS": 0,
        "SANE": 0,
        "VALID": 0,
        "total": 143515
    },
    "percentage": {
        "ACTIVE": 99.95192140194405,
        "INACTIVE": 0.9763690391962643,
        "INVALID": 0,
        "MALICIOUS": 0,
        "SANE": 0,
        "VALID": 0,
        "total": 100.92829044114032
    }
}