{
    "counter": {
        "ACTIVE": 99966,
        "INACTIVE": 69,
        "INVALID": 0,
        "MALICIOUS": 0,
        "SANE": 0,
        "VALID": 0,
        "total": 100035
    },
    "percentage": {
        "ACTIVE": 99.93102414155045,
        "INACTIVE": 0.9763690391962643,
        "INVALID": 0,
        "MALICIOUS": 0,
        "SANE": 0,
        "VALID": 0,
        "total": 100.90739318074672
    }
}