{
    "counter": {
        "ACTIVE": 153535,
        "INACTIVE": 69,
        "INVALID": 0,
        "MALICIOUS": 0,
        "SANE": 0,
        "VALID": 0,
        "total": 153604
    },
    "percentage": {
        "ACTIVE": 99.95507929481003,
        "INACTIVE": 0.9763690391962643,
        "INVALID": 0,
        "MALICIOUS": 0,
        "SANE": 0,
        "VALID": 0,
        "total": 100.9314483340063
    }
}