{
    "counter": {
        "ACTIVE": 8940,
        "INACTIVE": 5,
        "INVALID": 0,
        "MALICIOUS": 0,
        "SANE": 0,
        "VALID": 0,
        "total": 8945
    },
    "percentage": {
        "ACTIVE": 99.94410285075462,
        "INACTIVE": 0.0589622641509434,
        "INVALID": 0,
        "MALICIOUS": 0,
        "SANE": 0,
        "VALID": 0,
        "total": 100.00306511490557
    }
}