{
    "counter": {
        "ACTIVE": 190114,
        "INACTIVE": 69,
        "INVALID": 0,
        "MALICIOUS": 0,
        "SANE": 0,
        "VALID": 0,
        "total": 190183
    },
    "percentage": {
        "ACTIVE": 99.96371915470888,
        "INACTIVE": 0.9763690391962643,
        "INVALID": 0,
        "MALICIOUS": 0,
        "SANE": 0,
        "VALID": 0,
        "total": 100.94008819390515
    }
}