{
    "counter": {
        "ACTIVE": 3235,
        "INACTIVE": 1776,
        "INVALID": 1,
        "MALICIOUS": 0,
        "SANE": 0,
        "VALID": 0,
        "total": 5012
    },
    "percentage": {
        "ACTIVE": 64.54509177972865,
        "INACTIVE": 35.44202753941329,
        "INVALID": 0.03645643456069996,
        "MALICIOUS": 0,
        "SANE": 0,
        "VALID": 0,
        "total": 100.02357575370264
    }
}