{
    "counter": {
        "ACTIVE": 120200,
        "INACTIVE": 69,
        "INVALID": 0,
        "MALICIOUS": 0,
        "SANE": 0,
        "VALID": 0,
        "total": 120269
    },
    "percentage": {
        "ACTIVE": 99.9426286075381,
        "INACTIVE": 0.9763690391962643,
        "INVALID": 0,
        "MALICIOUS": 0,
        "SANE": 0,
        "VALID": 0,
        "total": 100.91899764673437
    }
}