{
    "counter": {
        "ACTIVE": 140570,
        "INACTIVE": 69,
        "INVALID": 0,
        "MALICIOUS": 0,
        "SANE": 0,
        "VALID": 0,
        "total": 140639
    },
    "percentage": {
        "ACTIVE": 99.95093821770632,
        "INACTIVE": 0.9763690391962643,
        "INVALID": 0,
        "MALICIOUS": 0,
        "SANE": 0,
        "VALID": 0,
        "total": 100.9273072569026
    }
}