{
    "counter": {
        "ACTIVE": 190939,
        "INACTIVE": 69,
        "INVALID": 0,
        "MALICIOUS": 0,
        "SANE": 0,
        "VALID": 0,
        "total": 191008
    },
    "percentage": {
        "ACTIVE": 99.96387585860278,
        "INACTIVE": 0.9763690391962643,
        "INVALID": 0,
        "MALICIOUS": 0,
        "SANE": 0,
        "VALID": 0,
        "total": 100.94024489779905
    }
}