{
    "counter": {
        "ACTIVE": 577,
        "INACTIVE": 75,
        "INVALID": 0,
        "MALICIOUS": 0,
        "SANE": 0,
        "VALID": 0,
        "total": 652
    },
    "percentage": {
        "ACTIVE": 88.49693251533742,
        "INACTIVE": 11.538461538461538,
        "INVALID": 0,
        "MALICIOUS": 0,
        "SANE": 0,
        "VALID": 0,
        "total": 100.03539405379895
    }
}