{
    "counter": {
        "ACTIVE": 188692,
        "INACTIVE": 69,
        "INVALID": 0,
        "MALICIOUS": 0,
        "SANE": 0,
        "VALID": 0,
        "total": 188761
    },
    "percentage": {
        "ACTIVE": 99.96344583891799,
        "INACTIVE": 0.9763690391962643,
        "INVALID": 0,
        "MALICIOUS": 0,
        "SANE": 0,
        "VALID": 0,
        "total": 100.93981487811426
    }
}