{
    "counter": {
        "ACTIVE": 132533,
        "INACTIVE": 69,
        "INVALID": 0,
        "MALICIOUS": 0,
        "SANE": 0,
        "VALID": 0,
        "total": 132602
    },
    "percentage": {
        "ACTIVE": 99.94796458575286,
        "INACTIVE": 0.9763690391962643,
        "INVALID": 0,
        "MALICIOUS": 0,
        "SANE": 0,
        "VALID": 0,
        "total": 100.92433362494913
    }
}