{
    "counter": {
        "ACTIVE": 139358,
        "INACTIVE": 69,
        "INVALID": 0,
        "MALICIOUS": 0,
        "SANE": 0,
        "VALID": 0,
        "total": 139427
    },
    "percentage": {
        "ACTIVE": 99.9505117373249,
        "INACTIVE": 0.9763690391962643,
        "INVALID": 0,
        "MALICIOUS": 0,
        "SANE": 0,
        "VALID": 0,
        "total": 100.92688077652117
    }
}