{
    "counter": {
        "ACTIVE": 9439,
        "INACTIVE": 1,
        "INVALID": 0,
        "MALICIOUS": 0,
        "SANE": 0,
        "VALID": 0,
        "total": 9440
    },
    "percentage": {
        "ACTIVE": 99.98940677966101,
        "INACTIVE": 0.022055580061755623,
        "INVALID": 0,
        "MALICIOUS": 0,
        "SANE": 0,
        "VALID": 0,
        "total": 100.01146235972277
    }
}