{
    "counter": {
        "ACTIVE": 136018,
        "INACTIVE": 69,
        "INVALID": 0,
        "MALICIOUS": 0,
        "SANE": 0,
        "VALID": 0,
        "total": 136087
    },
    "percentage": {
        "ACTIVE": 99.94929714079963,
        "INACTIVE": 0.9763690391962643,
        "INVALID": 0,
        "MALICIOUS": 0,
        "SANE": 0,
        "VALID": 0,
        "total": 100.9256661799959
    }
}