{
    "counter": {
        "ACTIVE": 148270,
        "INACTIVE": 69,
        "INVALID": 0,
        "MALICIOUS": 0,
        "SANE": 0,
        "VALID": 0,
        "total": 148339
    },
    "percentage": {
        "ACTIVE": 99.95348492304788,
        "INACTIVE": 0.9763690391962643,
        "INVALID": 0,
        "MALICIOUS": 0,
        "SANE": 0,
        "VALID": 0,
        "total": 100.92985396224415
    }
}