{
    "counter": {
        "ACTIVE": 5737,
        "INACTIVE": 1,
        "INVALID": 0,
        "MALICIOUS": 0,
        "SANE": 0,
        "VALID": 0,
        "total": 5738
    },
    "percentage": {
        "ACTIVE": 99.98257232485186,
        "INACTIVE": 0.022119000221190004,
        "INVALID": 0,
        "MALICIOUS": 0,
        "SANE": 0,
        "VALID": 0,
        "total": 100.00469132507305
    }
}