{
    "counter": {
        "ACTIVE": 129725,
        "INACTIVE": 69,
        "INVALID": 0,
        "MALICIOUS": 0,
        "SANE": 0,
        "VALID": 0,
        "total": 129794
    },
    "percentage": {
        "ACTIVE": 99.9468388369262,
        "INACTIVE": 0.9763690391962643,
        "INVALID": 0,
        "MALICIOUS": 0,
        "SANE": 0,
        "VALID": 0,
        "total": 100.92320787612248
    }
}