{
    "counter": {
        "ACTIVE": 85491,
        "INACTIVE": 69,
        "INVALID": 0,
        "MALICIOUS": 0,
        "SANE": 0,
        "VALID": 0,
        "total": 85560
    },
    "percentage": {
        "ACTIVE": 99.91935483870968,
        "INACTIVE": 0.9763690391962643,
        "INVALID": 0,
        "MALICIOUS": 0,
        "SANE": 0,
        "VALID": 0,
        "total": 100.89572387790595
    }
}