{
    "counter": {
        "ACTIVE": 142425,
        "INACTIVE": 69,
        "INVALID": 0,
        "MALICIOUS": 0,
        "SANE": 0,
        "VALID": 0,
        "total": 142494
    },
    "percentage": {
        "ACTIVE": 99.95157690850141,
        "INACTIVE": 0.9763690391962643,
        "INVALID": 0,
        "MALICIOUS": 0,
        "SANE": 0,
        "VALID": 0,
        "total": 100.92794594769768
    }
}