{
    "counter": {
        "ACTIVE": 86040,
        "INACTIVE": 69,
        "INVALID": 0,
        "MALICIOUS": 0,
        "SANE": 0,
        "VALID": 0,
        "total": 86109
    },
    "percentage": {
        "ACTIVE": 99.91986900324008,
        "INACTIVE": 0.9763690391962643,
        "INVALID": 0,
        "MALICIOUS": 0,
        "SANE": 0,
        "VALID": 0,
        "total": 100.89623804243635
    }
}