{
    "counter": {
        "ACTIVE": 104128,
        "INACTIVE": 69,
        "INVALID": 0,
        "MALICIOUS": 0,
        "SANE": 0,
        "VALID": 0,
        "total": 104197
    },
    "percentage": {
        "ACTIVE": 99.93377928347265,
        "INACTIVE": 0.9763690391962643,
        "INVALID": 0,
        "MALICIOUS": 0,
        "SANE": 0,
        "VALID": 0,
        "total": 100.91014832266892
    }
}