{
    "counter": {
        "ACTIVE": 174201,
        "INACTIVE": 69,
        "INVALID": 0,
        "MALICIOUS": 0,
        "SANE": 0,
        "VALID": 0,
        "total": 174270
    },
    "percentage": {
        "ACTIVE": 99.96040626613875,
        "INACTIVE": 0.9763690391962643,
        "INVALID": 0,
        "MALICIOUS": 0,
        "SANE": 0,
        "VALID": 0,
        "total": 100.93677530533502
    }
}