{
    "counter": {
        "ACTIVE": 182469,
        "INACTIVE": 69,
        "INVALID": 0,
        "MALICIOUS": 0,
        "SANE": 0,
        "VALID": 0,
        "total": 182538
    },
    "percentage": {
        "ACTIVE": 99.9621996515794,
        "INACTIVE": 0.9763690391962643,
        "INVALID": 0,
        "MALICIOUS": 0,
        "SANE": 0,
        "VALID": 0,
        "total": 100.93856869077567
    }
}