{
    "counter": {
        "ACTIVE": 169670,
        "INACTIVE": 69,
        "INVALID": 0,
        "MALICIOUS": 0,
        "SANE": 0,
        "VALID": 0,
        "total": 169739
    },
    "percentage": {
        "ACTIVE": 99.95934935400821,
        "INACTIVE": 0.9763690391962643,
        "INVALID": 0,
        "MALICIOUS": 0,
        "SANE": 0,
        "VALID": 0,
        "total": 100.93571839320448
    }
}