{
    "counter": {
        "ACTIVE": 179206,
        "INACTIVE": 69,
        "INVALID": 0,
        "MALICIOUS": 0,
        "SANE": 0,
        "VALID": 0,
        "total": 179275
    },
    "percentage": {
        "ACTIVE": 99.96151164412215,
        "INACTIVE": 0.9763690391962643,
        "INVALID": 0,
        "MALICIOUS": 0,
        "SANE": 0,
        "VALID": 0,
        "total": 100.93788068331843
    }
}