{
    "counter": {
        "ACTIVE": 134093,
        "INACTIVE": 69,
        "INVALID": 0,
        "MALICIOUS": 0,
        "SANE": 0,
        "VALID": 0,
        "total": 134162
    },
    "percentage": {
        "ACTIVE": 99.94856963968932,
        "INACTIVE": 0.9763690391962643,
        "INVALID": 0,
        "MALICIOUS": 0,
        "SANE": 0,
        "VALID": 0,
        "total": 100.9249386788856
    }
}