{
    "counter": {
        "ACTIVE": 113811,
        "INACTIVE": 69,
        "INVALID": 0,
        "MALICIOUS": 0,
        "SANE": 0,
        "VALID": 0,
        "total": 113880
    },
    "percentage": {
        "ACTIVE": 99.93940990516333,
        "INACTIVE": 0.9763690391962643,
        "INVALID": 0,
        "MALICIOUS": 0,
        "SANE": 0,
        "VALID": 0,
        "total": 100.9157789443596
    }
}