{
    "counter": {
        "ACTIVE": 140302,
        "INACTIVE": 69,
        "INVALID": 0,
        "MALICIOUS": 0,
        "SANE": 0,
        "VALID": 0,
        "total": 140371
    },
    "percentage": {
        "ACTIVE": 99.95084454766298,
        "INACTIVE": 0.9763690391962643,
        "INVALID": 0,
        "MALICIOUS": 0,
        "SANE": 0,
        "VALID": 0,
        "total": 100.92721358685925
    }
}