{
    "counter": {
        "ACTIVE": 159251,
        "INACTIVE": 69,
        "INVALID": 0,
        "MALICIOUS": 0,
        "SANE": 0,
        "VALID": 0,
        "total": 159320
    },
    "percentage": {
        "ACTIVE": 99.95669093648004,
        "INACTIVE": 0.9763690391962643,
        "INVALID": 0,
        "MALICIOUS": 0,
        "SANE": 0,
        "VALID": 0,
        "total": 100.93305997567631
    }
}