{
    "counter": {
        "ACTIVE": 106319,
        "INACTIVE": 69,
        "INVALID": 0,
        "MALICIOUS": 0,
        "SANE": 0,
        "VALID": 0,
        "total": 106388
    },
    "percentage": {
        "ACTIVE": 99.93514306124752,
        "INACTIVE": 0.9763690391962643,
        "INVALID": 0,
        "MALICIOUS": 0,
        "SANE": 0,
        "VALID": 0,
        "total": 100.91151210044379
    }
}