{
    "counter": {
        "ACTIVE": 86572,
        "INACTIVE": 69,
        "INVALID": 0,
        "MALICIOUS": 0,
        "SANE": 0,
        "VALID": 0,
        "total": 86641
    },
    "percentage": {
        "ACTIVE": 99.92036102999735,
        "INACTIVE": 0.9763690391962643,
        "INVALID": 0,
        "MALICIOUS": 0,
        "SANE": 0,
        "VALID": 0,
        "total": 100.89673006919362
    }
}