{
    "counter": {
        "ACTIVE": 139006,
        "INACTIVE": 69,
        "INVALID": 0,
        "MALICIOUS": 0,
        "SANE": 0,
        "VALID": 0,
        "total": 139075
    },
    "percentage": {
        "ACTIVE": 99.95038648211397,
        "INACTIVE": 0.9763690391962643,
        "INVALID": 0,
        "MALICIOUS": 0,
        "SANE": 0,
        "VALID": 0,
        "total": 100.92675552131024
    }
}