{
    "counter": {
        "ACTIVE": 2771,
        "INACTIVE": 1,
        "INVALID": 0,
        "MALICIOUS": 0,
        "SANE": 0,
        "VALID": 0,
        "total": 2772
    },
    "percentage": {
        "ACTIVE": 99.96392496392497,
        "INACTIVE": 0.05564830272676683,
        "INVALID": 0,
        "MALICIOUS": 0,
        "SANE": 0,
        "VALID": 0,
        "total": 100.01957326665173
    }
}