{
    "counter": {
        "ACTIVE": 2683,
        "INACTIVE": 1,
        "INVALID": 0,
        "MALICIOUS": 0,
        "SANE": 0,
        "VALID": 0,
        "total": 2684
    },
    "percentage": {
        "ACTIVE": 99.96274217585693,
        "INACTIVE": 0.1267427122940431,
        "INVALID": 0,
        "MALICIOUS": 0,
        "SANE": 0,
        "VALID": 0,
        "total": 100.08948488815098
    }
}