{
    "counter": {
        "ACTIVE": 191589,
        "INACTIVE": 69,
        "INVALID": 0,
        "MALICIOUS": 0,
        "SANE": 0,
        "VALID": 0,
        "total": 191658
    },
    "percentage": {
        "ACTIVE": 99.9639983721003,
        "INACTIVE": 0.9763690391962643,
        "INVALID": 0,
        "MALICIOUS": 0,
        "SANE": 0,
        "VALID": 0,
        "total": 100.94036741129658
    }
}