{
    "counter": {
        "ACTIVE": 156584,
        "INACTIVE": 69,
        "INVALID": 0,
        "MALICIOUS": 0,
        "SANE": 0,
        "VALID": 0,
        "total": 156653
    },
    "percentage": {
        "ACTIVE": 99.95595360446337,
        "INACTIVE": 0.9763690391962643,
        "INVALID": 0,
        "MALICIOUS": 0,
        "SANE": 0,
        "VALID": 0,
        "total": 100.93232264365965
    }
}