{
    "counter": {
        "ACTIVE": 155433,
        "INACTIVE": 69,
        "INVALID": 0,
        "MALICIOUS": 0,
        "SANE": 0,
        "VALID": 0,
        "total": 155502
    },
    "percentage": {
        "ACTIVE": 99.95562758035267,
        "INACTIVE": 0.9763690391962643,
        "INVALID": 0,
        "MALICIOUS": 0,
        "SANE": 0,
        "VALID": 0,
        "total": 100.93199661954894
    }
}