{
    "counter": {
        "ACTIVE": 191608,
        "INACTIVE": 69,
        "INVALID": 0,
        "MALICIOUS": 0,
        "SANE": 0,
        "VALID": 0,
        "total": 191677
    },
    "percentage": {
        "ACTIVE": 99.96400194076493,
        "INACTIVE": 0.9763690391962643,
        "INVALID": 0,
        "MALICIOUS": 0,
        "SANE": 0,
        "VALID": 0,
        "total": 100.9403709799612
    }
}