{
    "counter": {
        "ACTIVE": 3763,
        "INACTIVE": 11,
        "INVALID": 0,
        "MALICIOUS": 0,
        "SANE": 0,
        "VALID": 0,
        "total": 3774
    },
    "percentage": {
        "ACTIVE": 99.70853206147324,
        "INACTIVE": 0.2953020134228188,
        "INVALID": 0,
        "MALICIOUS": 0,
        "SANE": 0,
        "VALID": 0,
        "total": 100.00383407489605
    }
}