{
    "counter": {
        "ACTIVE": 124122,
        "INACTIVE": 69,
        "INVALID": 0,
        "MALICIOUS": 0,
        "SANE": 0,
        "VALID": 0,
        "total": 124191
    },
    "percentage": {
        "ACTIVE": 99.9444404183878,
        "INACTIVE": 0.9763690391962643,
        "INVALID": 0,
        "MALICIOUS": 0,
        "SANE": 0,
        "VALID": 0,
        "total": 100.92080945758407
    }
}