{
    "counter": {
        "ACTIVE": 175980,
        "INACTIVE": 69,
        "INVALID": 0,
        "MALICIOUS": 0,
        "SANE": 0,
        "VALID": 0,
        "total": 176049
    },
    "percentage": {
        "ACTIVE": 99.96080636640936,
        "INACTIVE": 0.9763690391962643,
        "INVALID": 0,
        "MALICIOUS": 0,
        "SANE": 0,
        "VALID": 0,
        "total": 100.93717540560563
    }
}