{
    "counter": {
        "ACTIVE": 14260,
        "INACTIVE": 69,
        "INVALID": 0,
        "MALICIOUS": 0,
        "SANE": 0,
        "VALID": 0,
        "total": 14329
    },
    "percentage": {
        "ACTIVE": 99.51845906902086,
        "INACTIVE": 0.9763690391962643,
        "INVALID": 0,
        "MALICIOUS": 0,
        "SANE": 0,
        "VALID": 0,
        "total": 100.49482810821713
    }
}