{
    "counter": {
        "ACTIVE": 184536,
        "INACTIVE": 69,
        "INVALID": 0,
        "MALICIOUS": 0,
        "SANE": 0,
        "VALID": 0,
        "total": 184605
    },
    "percentage": {
        "ACTIVE": 99.96262289753798,
        "INACTIVE": 0.9763690391962643,
        "INVALID": 0,
        "MALICIOUS": 0,
        "SANE": 0,
        "VALID": 0,
        "total": 100.93899193673425
    }
}