{
    "counter": {
        "ACTIVE": 189995,
        "INACTIVE": 69,
        "INVALID": 0,
        "MALICIOUS": 0,
        "SANE": 0,
        "VALID": 0,
        "total": 190064
    },
    "percentage": {
        "ACTIVE": 99.9636964390942,
        "INACTIVE": 0.9763690391962643,
        "INVALID": 0,
        "MALICIOUS": 0,
        "SANE": 0,
        "VALID": 0,
        "total": 100.94006547829048
    }
}