{
    "counter": {
        "ACTIVE": 143973,
        "INACTIVE": 69,
        "INVALID": 0,
        "MALICIOUS": 0,
        "SANE": 0,
        "VALID": 0,
        "total": 144042
    },
    "percentage": {
        "ACTIVE": 99.95209730495272,
        "INACTIVE": 0.9763690391962643,
        "INVALID": 0,
        "MALICIOUS": 0,
        "SANE": 0,
        "VALID": 0,
        "total": 100.92846634414899
    }
}