{
    "counter": {
        "ACTIVE": 80913,
        "INACTIVE": 69,
        "INVALID": 0,
        "MALICIOUS": 0,
        "SANE": 0,
        "VALID": 0,
        "total": 80982
    },
    "percentage": {
        "ACTIVE": 99.91479588056605,
        "INACTIVE": 0.9763690391962643,
        "INVALID": 0,
        "MALICIOUS": 0,
        "SANE": 0,
        "VALID": 0,
        "total": 100.89116491976232
    }
}