{
    "counter": {
        "ACTIVE": 79681,
        "INACTIVE": 69,
        "INVALID": 0,
        "MALICIOUS": 0,
        "SANE": 0,
        "VALID": 0,
        "total": 79750
    },
    "percentage": {
        "ACTIVE": 99.91347962382446,
        "INACTIVE": 0.9763690391962643,
        "INVALID": 0,
        "MALICIOUS": 0,
        "SANE": 0,
        "VALID": 0,
        "total": 100.88984866302073
    }
}