{
    "counter": {
        "ACTIVE": 171624,
        "INACTIVE": 69,
        "INVALID": 0,
        "MALICIOUS": 0,
        "SANE": 0,
        "VALID": 0,
        "total": 171693
    },
    "percentage": {
        "ACTIVE": 99.95981199000542,
        "INACTIVE": 0.9763690391962643,
        "INVALID": 0,
        "MALICIOUS": 0,
        "SANE": 0,
        "VALID": 0,
        "total": 100.93618102920169
    }
}