{
    "counter": {
        "ACTIVE": 24596,
        "INACTIVE": 69,
        "INVALID": 0,
        "MALICIOUS": 0,
        "SANE": 0,
        "VALID": 0,
        "total": 24665
    },
    "percentage": {
        "ACTIVE": 99.7202513683357,
        "INACTIVE": 0.9763690391962643,
        "INVALID": 0,
        "MALICIOUS": 0,
        "SANE": 0,
        "VALID": 0,
        "total": 100.69662040753197
    }
}