{
    "counter": {
        "ACTIVE": 102285,
        "INACTIVE": 69,
        "INVALID": 0,
        "MALICIOUS": 0,
        "SANE": 0,
        "VALID": 0,
        "total": 102354
    },
    "percentage": {
        "ACTIVE": 99.9325869042734,
        "INACTIVE": 0.9763690391962643,
        "INVALID": 0,
        "MALICIOUS": 0,
        "SANE": 0,
        "VALID": 0,
        "total": 100.90895594346968
    }
}