{
    "counter": {
        "ACTIVE": 134348,
        "INACTIVE": 69,
        "INVALID": 0,
        "MALICIOUS": 0,
        "SANE": 0,
        "VALID": 0,
        "total": 134417
    },
    "percentage": {
        "ACTIVE": 99.94866720727289,
        "INACTIVE": 0.9763690391962643,
        "INVALID": 0,
        "MALICIOUS": 0,
        "SANE": 0,
        "VALID": 0,
        "total": 100.92503624646916
    }
}