{
    "counter": {
        "ACTIVE": 123475,
        "INACTIVE": 69,
        "INVALID": 0,
        "MALICIOUS": 0,
        "SANE": 0,
        "VALID": 0,
        "total": 123544
    },
    "percentage": {
        "ACTIVE": 99.94414945282652,
        "INACTIVE": 0.9763690391962643,
        "INVALID": 0,
        "MALICIOUS": 0,
        "SANE": 0,
        "VALID": 0,
        "total": 100.9205184920228
    }
}