{
    "counter": {
        "ACTIVE": 109938,
        "INACTIVE": 69,
        "INVALID": 0,
        "MALICIOUS": 0,
        "SANE": 0,
        "VALID": 0,
        "total": 110007
    },
    "percentage": {
        "ACTIVE": 99.93727671875426,
        "INACTIVE": 0.9763690391962643,
        "INVALID": 0,
        "MALICIOUS": 0,
        "SANE": 0,
        "VALID": 0,
        "total": 100.91364575795053
    }
}