{
    "counter": {
        "ACTIVE": 113555,
        "INACTIVE": 69,
        "INVALID": 0,
        "MALICIOUS": 0,
        "SANE": 0,
        "VALID": 0,
        "total": 113624
    },
    "percentage": {
        "ACTIVE": 99.93927339294515,
        "INACTIVE": 0.9763690391962643,
        "INVALID": 0,
        "MALICIOUS": 0,
        "SANE": 0,
        "VALID": 0,
        "total": 100.91564243214142
    }
}