{
    "counter": {
        "ACTIVE": 182869,
        "INACTIVE": 69,
        "INVALID": 0,
        "MALICIOUS": 0,
        "SANE": 0,
        "VALID": 0,
        "total": 182938
    },
    "percentage": {
        "ACTIVE": 99.96228230329402,
        "INACTIVE": 0.9763690391962643,
        "INVALID": 0,
        "MALICIOUS": 0,
        "SANE": 0,
        "VALID": 0,
        "total": 100.93865134249029
    }
}