{
    "counter": {
        "ACTIVE": 184301,
        "INACTIVE": 69,
        "INVALID": 0,
        "MALICIOUS": 0,
        "SANE": 0,
        "VALID": 0,
        "total": 184370
    },
    "percentage": {
        "ACTIVE": 99.96257525627814,
        "INACTIVE": 0.9763690391962643,
        "INVALID": 0,
        "MALICIOUS": 0,
        "SANE": 0,
        "VALID": 0,
        "total": 100.93894429547441
    }
}