{
    "counter": {
        "ACTIVE": 2812,
        "INACTIVE": 1541,
        "INVALID": 1,
        "MALICIOUS": 0,
        "SANE": 0,
        "VALID": 0,
        "total": 4354
    },
    "percentage": {
        "ACTIVE": 64.58429030776297,
        "INACTIVE": 35.41714548379683,
        "INVALID": 0.03645643456069996,
        "MALICIOUS": 0,
        "SANE": 0,
        "VALID": 0,
        "total": 100.0378922261205
    }
}