{
    "counter": {
        "ACTIVE": 166679,
        "INACTIVE": 69,
        "INVALID": 0,
        "MALICIOUS": 0,
        "SANE": 0,
        "VALID": 0,
        "total": 166748
    },
    "percentage": {
        "ACTIVE": 99.95862019334565,
        "INACTIVE": 0.9763690391962643,
        "INVALID": 0,
        "MALICIOUS": 0,
        "SANE": 0,
        "VALID": 0,
        "total": 100.93498923254192
    }
}