{
    "counter": {
        "ACTIVE": 171237,
        "INACTIVE": 69,
        "INVALID": 0,
        "MALICIOUS": 0,
        "SANE": 0,
        "VALID": 0,
        "total": 171306
    },
    "percentage": {
        "ACTIVE": 99.95972120065846,
        "INACTIVE": 0.9763690391962643,
        "INVALID": 0,
        "MALICIOUS": 0,
        "SANE": 0,
        "VALID": 0,
        "total": 100.93609023985474
    }
}