{
    "counter": {
        "ACTIVE": 181197,
        "INACTIVE": 69,
        "INVALID": 0,
        "MALICIOUS": 0,
        "SANE": 0,
        "VALID": 0,
        "total": 181266
    },
    "percentage": {
        "ACTIVE": 99.96193439475688,
        "INACTIVE": 0.9763690391962643,
        "INVALID": 0,
        "MALICIOUS": 0,
        "SANE": 0,
        "VALID": 0,
        "total": 100.93830343395315
    }
}