{
    "counter": {
        "ACTIVE": 118817,
        "INACTIVE": 69,
        "INVALID": 0,
        "MALICIOUS": 0,
        "SANE": 0,
        "VALID": 0,
        "total": 118886
    },
    "percentage": {
        "ACTIVE": 99.94196120653399,
        "INACTIVE": 0.9763690391962643,
        "INVALID": 0,
        "MALICIOUS": 0,
        "SANE": 0,
        "VALID": 0,
        "total": 100.91833024573026
    }
}