{
    "counter": {
        "ACTIVE": 176637,
        "INACTIVE": 69,
        "INVALID": 0,
        "MALICIOUS": 0,
        "SANE": 0,
        "VALID": 0,
        "total": 176706
    },
    "percentage": {
        "ACTIVE": 99.96095208991206,
        "INACTIVE": 0.9763690391962643,
        "INVALID": 0,
        "MALICIOUS": 0,
        "SANE": 0,
        "VALID": 0,
        "total": 100.93732112910833
    }
}