{
    "counter": {
        "ACTIVE": 100832,
        "INACTIVE": 69,
        "INVALID": 0,
        "MALICIOUS": 0,
        "SANE": 0,
        "VALID": 0,
        "total": 100901
    },
    "percentage": {
        "ACTIVE": 99.9316161385913,
        "INACTIVE": 0.9763690391962643,
        "INVALID": 0,
        "MALICIOUS": 0,
        "SANE": 0,
        "VALID": 0,
        "total": 100.90798517778757
    }
}