{
    "counter": {
        "ACTIVE": 162738,
        "INACTIVE": 69,
        "INVALID": 0,
        "MALICIOUS": 0,
        "SANE": 0,
        "VALID": 0,
        "total": 162807
    },
    "percentage": {
        "ACTIVE": 99.95761852991579,
        "INACTIVE": 0.9763690391962643,
        "INVALID": 0,
        "MALICIOUS": 0,
        "SANE": 0,
        "VALID": 0,
        "total": 100.93398756911206
    }
}