{
    "counter": {
        "ACTIVE": 179602,
        "INACTIVE": 69,
        "INVALID": 0,
        "MALICIOUS": 0,
        "SANE": 0,
        "VALID": 0,
        "total": 179671
    },
    "percentage": {
        "ACTIVE": 99.96159647355444,
        "INACTIVE": 0.9763690391962643,
        "INVALID": 0,
        "MALICIOUS": 0,
        "SANE": 0,
        "VALID": 0,
        "total": 100.93796551275071
    }
}