{
    "counter": {
        "ACTIVE": 110915,
        "INACTIVE": 69,
        "INVALID": 0,
        "MALICIOUS": 0,
        "SANE": 0,
        "VALID": 0,
        "total": 110984
    },
    "percentage": {
        "ACTIVE": 99.9378288762344,
        "INACTIVE": 0.9763690391962643,
        "INVALID": 0,
        "MALICIOUS": 0,
        "SANE": 0,
        "VALID": 0,
        "total": 100.91419791543068
    }
}