{
    "counter": {
        "ACTIVE": 92887,
        "INACTIVE": 69,
        "INVALID": 0,
        "MALICIOUS": 0,
        "SANE": 0,
        "VALID": 0,
        "total": 92956
    },
    "percentage": {
        "ACTIVE": 99.92577133267352,
        "INACTIVE": 0.9763690391962643,
        "INVALID": 0,
        "MALICIOUS": 0,
        "SANE": 0,
        "VALID": 0,
        "total": 100.90214037186979
    }
}