{
    "counter": {
        "ACTIVE": 8869,
        "INACTIVE": 54,
        "INVALID": 0,
        "MALICIOUS": 0,
        "SANE": 0,
        "VALID": 0,
        "total": 8923
    },
    "percentage": {
        "ACTIVE": 99.39482236915835,
        "INACTIVE": 0.6101005536097616,
        "INVALID": 0,
        "MALICIOUS": 0,
        "SANE": 0,
        "VALID": 0,
        "total": 100.0049229227681
    }
}