{
    "counter": {
        "ACTIVE": 100372,
        "INACTIVE": 69,
        "INVALID": 0,
        "MALICIOUS": 0,
        "SANE": 0,
        "VALID": 0,
        "total": 100441
    },
    "percentage": {
        "ACTIVE": 99.93130295397297,
        "INACTIVE": 0.9763690391962643,
        "INVALID": 0,
        "MALICIOUS": 0,
        "SANE": 0,
        "VALID": 0,
        "total": 100.90767199316925
    }
}