{
    "counter": {
        "ACTIVE": 158573,
        "INACTIVE": 69,
        "INVALID": 0,
        "MALICIOUS": 0,
        "SANE": 0,
        "VALID": 0,
        "total": 158642
    },
    "percentage": {
        "ACTIVE": 99.9565058433454,
        "INACTIVE": 0.9763690391962643,
        "INVALID": 0,
        "MALICIOUS": 0,
        "SANE": 0,
        "VALID": 0,
        "total": 100.93287488254167
    }
}