{
    "counter": {
        "ACTIVE": 181748,
        "INACTIVE": 69,
        "INVALID": 0,
        "MALICIOUS": 0,
        "SANE": 0,
        "VALID": 0,
        "total": 181817
    },
    "percentage": {
        "ACTIVE": 99.9620497533234,
        "INACTIVE": 0.9763690391962643,
        "INVALID": 0,
        "MALICIOUS": 0,
        "SANE": 0,
        "VALID": 0,
        "total": 100.93841879251967
    }
}