{
    "counter": {
        "ACTIVE": 6017,
        "INACTIVE": 61,
        "INVALID": 0,
        "MALICIOUS": 0,
        "SANE": 0,
        "VALID": 0,
        "total": 6078
    },
    "percentage": {
        "ACTIVE": 98.99638038828562,
        "INACTIVE": 1.0137942496260595,
        "INVALID": 0,
        "MALICIOUS": 0,
        "SANE": 0,
        "VALID": 0,
        "total": 100.01017463791167
    }
}