{
    "counter": {
        "ACTIVE": 161315,
        "INACTIVE": 69,
        "INVALID": 0,
        "MALICIOUS": 0,
        "SANE": 0,
        "VALID": 0,
        "total": 161384
    },
    "percentage": {
        "ACTIVE": 99.95724483220145,
        "INACTIVE": 0.9763690391962643,
        "INVALID": 0,
        "MALICIOUS": 0,
        "SANE": 0,
        "VALID": 0,
        "total": 100.93361387139772
    }
}