{
    "counter": {
        "ACTIVE": 135838,
        "INACTIVE": 69,
        "INVALID": 0,
        "MALICIOUS": 0,
        "SANE": 0,
        "VALID": 0,
        "total": 135907
    },
    "percentage": {
        "ACTIVE": 99.94922998815366,
        "INACTIVE": 0.9763690391962643,
        "INVALID": 0,
        "MALICIOUS": 0,
        "SANE": 0,
        "VALID": 0,
        "total": 100.92559902734993
    }
}