{
    "counter": {
        "ACTIVE": 148063,
        "INACTIVE": 69,
        "INVALID": 0,
        "MALICIOUS": 0,
        "SANE": 0,
        "VALID": 0,
        "total": 148132
    },
    "percentage": {
        "ACTIVE": 99.95341992277159,
        "INACTIVE": 0.9763690391962643,
        "INVALID": 0,
        "MALICIOUS": 0,
        "SANE": 0,
        "VALID": 0,
        "total": 100.92978896196786
    }
}