{
    "counter": {
        "ACTIVE": 191423,
        "INACTIVE": 69,
        "INVALID": 0,
        "MALICIOUS": 0,
        "SANE": 0,
        "VALID": 0,
        "total": 191492
    },
    "percentage": {
        "ACTIVE": 99.96396716311908,
        "INACTIVE": 0.9763690391962643,
        "INVALID": 0,
        "MALICIOUS": 0,
        "SANE": 0,
        "VALID": 0,
        "total": 100.94033620231535
    }
}