{
    "counter": {
        "ACTIVE": 141748,
        "INACTIVE": 69,
        "INVALID": 0,
        "MALICIOUS": 0,
        "SANE": 0,
        "VALID": 0,
        "total": 141817
    },
    "percentage": {
        "ACTIVE": 99.95134574839406,
        "INACTIVE": 0.9763690391962643,
        "INVALID": 0,
        "MALICIOUS": 0,
        "SANE": 0,
        "VALID": 0,
        "total": 100.92771478759033
    }
}