{
    "counter": {
        "ACTIVE": 9450,
        "INACTIVE": 6,
        "INVALID": 0,
        "MALICIOUS": 0,
        "SANE": 0,
        "VALID": 0,
        "total": 9456
    },
    "percentage": {
        "ACTIVE": 99.93654822335026,
        "INACTIVE": 0.06348534546608825,
        "INVALID": 0,
        "MALICIOUS": 0,
        "SANE": 0,
        "VALID": 0,
        "total": 100.00003356881635
    }
}