{
    "counter": {
        "ACTIVE": 166791,
        "INACTIVE": 69,
        "INVALID": 0,
        "MALICIOUS": 0,
        "SANE": 0,
        "VALID": 0,
        "total": 166860
    },
    "percentage": {
        "ACTIVE": 99.9586479683567,
        "INACTIVE": 0.9763690391962643,
        "INVALID": 0,
        "MALICIOUS": 0,
        "SANE": 0,
        "VALID": 0,
        "total": 100.93501700755297
    }
}