{
    "counter": {
        "ACTIVE": 133915,
        "INACTIVE": 69,
        "INVALID": 0,
        "MALICIOUS": 0,
        "SANE": 0,
        "VALID": 0,
        "total": 133984
    },
    "percentage": {
        "ACTIVE": 99.94850131358969,
        "INACTIVE": 0.9763690391962643,
        "INVALID": 0,
        "MALICIOUS": 0,
        "SANE": 0,
        "VALID": 0,
        "total": 100.92487035278596
    }
}