{
    "counter": {
        "ACTIVE": 160344,
        "INACTIVE": 69,
        "INVALID": 0,
        "MALICIOUS": 0,
        "SANE": 0,
        "VALID": 0,
        "total": 160413
    },
    "percentage": {
        "ACTIVE": 99.95698602981055,
        "INACTIVE": 0.9763690391962643,
        "INVALID": 0,
        "MALICIOUS": 0,
        "SANE": 0,
        "VALID": 0,
        "total": 100.93335506900682
    }
}