{
    "counter": {
        "ACTIVE": 183541,
        "INACTIVE": 69,
        "INVALID": 0,
        "MALICIOUS": 0,
        "SANE": 0,
        "VALID": 0,
        "total": 183610
    },
    "percentage": {
        "ACTIVE": 99.96242034747563,
        "INACTIVE": 0.9763690391962643,
        "INVALID": 0,
        "MALICIOUS": 0,
        "SANE": 0,
        "VALID": 0,
        "total": 100.9387893866719
    }
}