{
    "counter": {
        "ACTIVE": 154846,
        "INACTIVE": 69,
        "INVALID": 0,
        "MALICIOUS": 0,
        "SANE": 0,
        "VALID": 0,
        "total": 154915
    },
    "percentage": {
        "ACTIVE": 99.95545944550237,
        "INACTIVE": 0.9763690391962643,
        "INVALID": 0,
        "MALICIOUS": 0,
        "SANE": 0,
        "VALID": 0,
        "total": 100.93182848469864
    }
}