{
    "counter": {
        "ACTIVE": 137058,
        "INACTIVE": 69,
        "INVALID": 0,
        "MALICIOUS": 0,
        "SANE": 0,
        "VALID": 0,
        "total": 137127
    },
    "percentage": {
        "ACTIVE": 99.94968168194447,
        "INACTIVE": 0.9763690391962643,
        "INVALID": 0,
        "MALICIOUS": 0,
        "SANE": 0,
        "VALID": 0,
        "total": 100.92605072114074
    }
}