{
    "counter": {
        "ACTIVE": 3966,
        "INACTIVE": 2421,
        "INVALID": 1,
        "MALICIOUS": 0,
        "SANE": 0,
        "VALID": 0,
        "total": 6388
    },
    "percentage": {
        "ACTIVE": 62.08515967438948,
        "INACTIVE": 37.93481667188969,
        "INVALID": 0.03645643456069996,
        "MALICIOUS": 0,
        "SANE": 0,
        "VALID": 0,
        "total": 100.05643278083988
    }
}