{
    "counter": {
        "ACTIVE": 147748,
        "INACTIVE": 69,
        "INVALID": 0,
        "MALICIOUS": 0,
        "SANE": 0,
        "VALID": 0,
        "total": 147817
    },
    "percentage": {
        "ACTIVE": 99.95332066000528,
        "INACTIVE": 0.9763690391962643,
        "INVALID": 0,
        "MALICIOUS": 0,
        "SANE": 0,
        "VALID": 0,
        "total": 100.92968969920155
    }
}