{
    "counter": {
        "ACTIVE": 76289,
        "INACTIVE": 69,
        "INVALID": 0,
        "MALICIOUS": 0,
        "SANE": 0,
        "VALID": 0,
        "total": 76358
    },
    "percentage": {
        "ACTIVE": 99.90963618743288,
        "INACTIVE": 0.9763690391962643,
        "INVALID": 0,
        "MALICIOUS": 0,
        "SANE": 0,
        "VALID": 0,
        "total": 100.88600522662915
    }
}