{
    "counter": {
        "ACTIVE": 178576,
        "INACTIVE": 69,
        "INVALID": 0,
        "MALICIOUS": 0,
        "SANE": 0,
        "VALID": 0,
        "total": 178645
    },
    "percentage": {
        "ACTIVE": 99.96137591312379,
        "INACTIVE": 0.9763690391962643,
        "INVALID": 0,
        "MALICIOUS": 0,
        "SANE": 0,
        "VALID": 0,
        "total": 100.93774495232006
    }
}