{
    "counter": {
        "ACTIVE": 169327,
        "INACTIVE": 69,
        "INVALID": 0,
        "MALICIOUS": 0,
        "SANE": 0,
        "VALID": 0,
        "total": 169396
    },
    "percentage": {
        "ACTIVE": 99.95926704290538,
        "INACTIVE": 0.9763690391962643,
        "INVALID": 0,
        "MALICIOUS": 0,
        "SANE": 0,
        "VALID": 0,
        "total": 100.93563608210165
    }
}