{
    "counter": {
        "ACTIVE": 165153,
        "INACTIVE": 69,
        "INVALID": 0,
        "MALICIOUS": 0,
        "SANE": 0,
        "VALID": 0,
        "total": 165222
    },
    "percentage": {
        "ACTIVE": 99.95823800704507,
        "INACTIVE": 0.9763690391962643,
        "INVALID": 0,
        "MALICIOUS": 0,
        "SANE": 0,
        "VALID": 0,
        "total": 100.93460704624134
    }
}