{
    "counter": {
        "ACTIVE": 4269,
        "INACTIVE": 224,
        "INVALID": 0,
        "MALICIOUS": 0,
        "SANE": 0,
        "VALID": 0,
        "total": 4493
    },
    "percentage": {
        "ACTIVE": 95.01446694858669,
        "INACTIVE": 4.99219968798752,
        "INVALID": 0,
        "MALICIOUS": 0,
        "SANE": 0,
        "VALID": 0,
        "total": 100.00666663657421
    }
}