{
    "counter": {
        "ACTIVE": 170042,
        "INACTIVE": 69,
        "INVALID": 0,
        "MALICIOUS": 0,
        "SANE": 0,
        "VALID": 0,
        "total": 170111
    },
    "percentage": {
        "ACTIVE": 99.9594382491432,
        "INACTIVE": 0.9763690391962643,
        "INVALID": 0,
        "MALICIOUS": 0,
        "SANE": 0,
        "VALID": 0,
        "total": 100.93580728833948
    }
}