{
    "counter": {
        "ACTIVE": 177472,
        "INACTIVE": 69,
        "INVALID": 0,
        "MALICIOUS": 0,
        "SANE": 0,
        "VALID": 0,
        "total": 177541
    },
    "percentage": {
        "ACTIVE": 99.9611357376606,
        "INACTIVE": 0.9763690391962643,
        "INVALID": 0,
        "MALICIOUS": 0,
        "SANE": 0,
        "VALID": 0,
        "total": 100.93750477685687
    }
}