{
    "counter": {
        "ACTIVE": 146906,
        "INACTIVE": 69,
        "INVALID": 0,
        "MALICIOUS": 0,
        "SANE": 0,
        "VALID": 0,
        "total": 146975
    },
    "percentage": {
        "ACTIVE": 99.953053240347,
        "INACTIVE": 0.9763690391962643,
        "INVALID": 0,
        "MALICIOUS": 0,
        "SANE": 0,
        "VALID": 0,
        "total": 100.92942227954327
    }
}