{
    "counter": {
        "ACTIVE": 182509,
        "INACTIVE": 69,
        "INVALID": 0,
        "MALICIOUS": 0,
        "SANE": 0,
        "VALID": 0,
        "total": 182578
    },
    "percentage": {
        "ACTIVE": 99.9622079330478,
        "INACTIVE": 0.9763690391962643,
        "INVALID": 0,
        "MALICIOUS": 0,
        "SANE": 0,
        "VALID": 0,
        "total": 100.93857697224406
    }
}