{
    "counter": {
        "ACTIVE": 154004,
        "INACTIVE": 69,
        "INVALID": 0,
        "MALICIOUS": 0,
        "SANE": 0,
        "VALID": 0,
        "total": 154073
    },
    "percentage": {
        "ACTIVE": 99.95521603395792,
        "INACTIVE": 0.9763690391962643,
        "INVALID": 0,
        "MALICIOUS": 0,
        "SANE": 0,
        "VALID": 0,
        "total": 100.9315850731542
    }
}