{
    "counter": {
        "ACTIVE": 89592,
        "INACTIVE": 69,
        "INVALID": 0,
        "MALICIOUS": 0,
        "SANE": 0,
        "VALID": 0,
        "total": 89661
    },
    "percentage": {
        "ACTIVE": 99.92304346371333,
        "INACTIVE": 0.9763690391962643,
        "INVALID": 0,
        "MALICIOUS": 0,
        "SANE": 0,
        "VALID": 0,
        "total": 100.8994125029096
    }
}