{
    "counter": {
        "ACTIVE": 4023,
        "INACTIVE": 2,
        "INVALID": 0,
        "MALICIOUS": 0,
        "SANE": 0,
        "VALID": 0,
        "total": 4025
    },
    "percentage": {
        "ACTIVE": 99.95031055900621,
        "INACTIVE": 0.05630630630630631,
        "INVALID": 0,
        "MALICIOUS": 0,
        "SANE": 0,
        "VALID": 0,
        "total": 100.00661686531252
    }
}