{
    "counter": {
        "ACTIVE": 3113,
        "INACTIVE": 1680,
        "INVALID": 1,
        "MALICIOUS": 0,
        "SANE": 0,
        "VALID": 0,
        "total": 4794
    },
    "percentage": {
        "ACTIVE": 64.93533583646224,
        "INACTIVE": 35.175879396984925,
        "INVALID": 0.03645643456069996,
        "MALICIOUS": 0,
        "SANE": 0,
        "VALID": 0,
        "total": 100.14767166800787
    }
}