{
    "counter": {
        "ACTIVE": 141937,
        "INACTIVE": 69,
        "INVALID": 0,
        "MALICIOUS": 0,
        "SANE": 0,
        "VALID": 0,
        "total": 142006
    },
    "percentage": {
        "ACTIVE": 99.95141050378153,
        "INACTIVE": 0.9763690391962643,
        "INVALID": 0,
        "MALICIOUS": 0,
        "SANE": 0,
        "VALID": 0,
        "total": 100.9277795429778
    }
}