{
    "counter": {
        "ACTIVE": 132812,
        "INACTIVE": 69,
        "INVALID": 0,
        "MALICIOUS": 0,
        "SANE": 0,
        "VALID": 0,
        "total": 132881
    },
    "percentage": {
        "ACTIVE": 99.94807384050391,
        "INACTIVE": 0.9763690391962643,
        "INVALID": 0,
        "MALICIOUS": 0,
        "SANE": 0,
        "VALID": 0,
        "total": 100.92444287970018
    }
}