{
    "counter": {
        "ACTIVE": 169111,
        "INACTIVE": 69,
        "INVALID": 0,
        "MALICIOUS": 0,
        "SANE": 0,
        "VALID": 0,
        "total": 169180
    },
    "percentage": {
        "ACTIVE": 99.95921503723845,
        "INACTIVE": 0.9763690391962643,
        "INVALID": 0,
        "MALICIOUS": 0,
        "SANE": 0,
        "VALID": 0,
        "total": 100.93558407643472
    }
}