{
    "counter": {
        "ACTIVE": 133393,
        "INACTIVE": 69,
        "INVALID": 0,
        "MALICIOUS": 0,
        "SANE": 0,
        "VALID": 0,
        "total": 133462
    },
    "percentage": {
        "ACTIVE": 99.94829989060557,
        "INACTIVE": 0.9763690391962643,
        "INVALID": 0,
        "MALICIOUS": 0,
        "SANE": 0,
        "VALID": 0,
        "total": 100.92466892980184
    }
}