{
    "counter": {
        "ACTIVE": 129620,
        "INACTIVE": 69,
        "INVALID": 0,
        "MALICIOUS": 0,
        "SANE": 0,
        "VALID": 0,
        "total": 129689
    },
    "percentage": {
        "ACTIVE": 99.94679579609682,
        "INACTIVE": 0.9763690391962643,
        "INVALID": 0,
        "MALICIOUS": 0,
        "SANE": 0,
        "VALID": 0,
        "total": 100.9231648352931
    }
}