{
    "counter": {
        "ACTIVE": 32546,
        "INACTIVE": 69,
        "INVALID": 0,
        "MALICIOUS": 0,
        "SANE": 0,
        "VALID": 0,
        "total": 32615
    },
    "percentage": {
        "ACTIVE": 99.78844090142573,
        "INACTIVE": 0.9763690391962643,
        "INVALID": 0,
        "MALICIOUS": 0,
        "SANE": 0,
        "VALID": 0,
        "total": 100.764809940622
    }
}