{
    "counter": {
        "ACTIVE": 74663,
        "INACTIVE": 69,
        "INVALID": 0,
        "MALICIOUS": 0,
        "SANE": 0,
        "VALID": 0,
        "total": 74732
    },
    "percentage": {
        "ACTIVE": 99.90767007439919,
        "INACTIVE": 0.9763690391962643,
        "INVALID": 0,
        "MALICIOUS": 0,
        "SANE": 0,
        "VALID": 0,
        "total": 100.88403911359546
    }
}