{
    "counter": {
        "ACTIVE": 146521,
        "INACTIVE": 69,
        "INVALID": 0,
        "MALICIOUS": 0,
        "SANE": 0,
        "VALID": 0,
        "total": 146590
    },
    "percentage": {
        "ACTIVE": 99.95292994065079,
        "INACTIVE": 0.9763690391962643,
        "INVALID": 0,
        "MALICIOUS": 0,
        "SANE": 0,
        "VALID": 0,
        "total": 100.92929897984706
    }
}