{
    "counter": {
        "ACTIVE": 108160,
        "INACTIVE": 69,
        "INVALID": 0,
        "MALICIOUS": 0,
        "SANE": 0,
        "VALID": 0,
        "total": 108229
    },
    "percentage": {
        "ACTIVE": 99.93624629258332,
        "INACTIVE": 0.9763690391962643,
        "INVALID": 0,
        "MALICIOUS": 0,
        "SANE": 0,
        "VALID": 0,
        "total": 100.91261533177959
    }
}