{
    "counter": {
        "ACTIVE": 1674,
        "INACTIVE": 895,
        "INVALID": 0,
        "MALICIOUS": 0,
        "SANE": 0,
        "VALID": 0,
        "total": 2569
    },
    "percentage": {
        "ACTIVE": 65.16154145581939,
        "INACTIVE": 34.85202492211838,
        "INVALID": 0,
        "MALICIOUS": 0,
        "SANE": 0,
        "VALID": 0,
        "total": 100.01356637793776
    }
}