{
    "counter": {
        "ACTIVE": 175998,
        "INACTIVE": 69,
        "INVALID": 0,
        "MALICIOUS": 0,
        "SANE": 0,
        "VALID": 0,
        "total": 176067
    },
    "percentage": {
        "ACTIVE": 99.9608103733238,
        "INACTIVE": 0.9763690391962643,
        "INVALID": 0,
        "MALICIOUS": 0,
        "SANE": 0,
        "VALID": 0,
        "total": 100.93717941252007
    }
}