{
    "counter": {
        "ACTIVE": 176435,
        "INACTIVE": 69,
        "INVALID": 0,
        "MALICIOUS": 0,
        "SANE": 0,
        "VALID": 0,
        "total": 176504
    },
    "percentage": {
        "ACTIVE": 99.96090740153198,
        "INACTIVE": 0.9763690391962643,
        "INVALID": 0,
        "MALICIOUS": 0,
        "SANE": 0,
        "VALID": 0,
        "total": 100.93727644072825
    }
}