{
    "counter": {
        "ACTIVE": 176758,
        "INACTIVE": 69,
        "INVALID": 0,
        "MALICIOUS": 0,
        "SANE": 0,
        "VALID": 0,
        "total": 176827
    },
    "percentage": {
        "ACTIVE": 99.96097880979714,
        "INACTIVE": 0.9763690391962643,
        "INVALID": 0,
        "MALICIOUS": 0,
        "SANE": 0,
        "VALID": 0,
        "total": 100.93734784899341
    }
}