{
    "counter": {
        "ACTIVE": 138631,
        "INACTIVE": 69,
        "INVALID": 0,
        "MALICIOUS": 0,
        "SANE": 0,
        "VALID": 0,
        "total": 138700
    },
    "percentage": {
        "ACTIVE": 99.95025234318673,
        "INACTIVE": 0.9763690391962643,
        "INVALID": 0,
        "MALICIOUS": 0,
        "SANE": 0,
        "VALID": 0,
        "total": 100.926621382383
    }
}