{
    "counter": {
        "ACTIVE": 165619,
        "INACTIVE": 69,
        "INVALID": 0,
        "MALICIOUS": 0,
        "SANE": 0,
        "VALID": 0,
        "total": 165688
    },
    "percentage": {
        "ACTIVE": 99.95835546328038,
        "INACTIVE": 0.9763690391962643,
        "INVALID": 0,
        "MALICIOUS": 0,
        "SANE": 0,
        "VALID": 0,
        "total": 100.93472450247666
    }
}