{
    "counter": {
        "ACTIVE": 1056,
        "INACTIVE": 376,
        "INVALID": 0,
        "MALICIOUS": 0,
        "SANE": 0,
        "VALID": 0,
        "total": 1432
    },
    "percentage": {
        "ACTIVE": 73.74301675977654,
        "INACTIVE": 26.275331935709293,
        "INVALID": 0,
        "MALICIOUS": 0,
        "SANE": 0,
        "VALID": 0,
        "total": 100.01834869548583
    }
}