{
    "counter": {
        "ACTIVE": 185585,
        "INACTIVE": 69,
        "INVALID": 0,
        "MALICIOUS": 0,
        "SANE": 0,
        "VALID": 0,
        "total": 185654
    },
    "percentage": {
        "ACTIVE": 99.96283408921973,
        "INACTIVE": 0.9763690391962643,
        "INVALID": 0,
        "MALICIOUS": 0,
        "SANE": 0,
        "VALID": 0,
        "total": 100.939203128416
    }
}