{
    "counter": {
        "ACTIVE": 122966,
        "INACTIVE": 69,
        "INVALID": 0,
        "MALICIOUS": 0,
        "SANE": 0,
        "VALID": 0,
        "total": 123035
    },
    "percentage": {
        "ACTIVE": 99.94391839720404,
        "INACTIVE": 0.9763690391962643,
        "INVALID": 0,
        "MALICIOUS": 0,
        "SANE": 0,
        "VALID": 0,
        "total": 100.92028743640032
    }
}