{
    "counter": {
        "ACTIVE": 3762,
        "INACTIVE": 1,
        "INVALID": 0,
        "MALICIOUS": 0,
        "SANE": 0,
        "VALID": 0,
        "total": 3763
    },
    "percentage": {
        "ACTIVE": 99.97342545841084,
        "INACTIVE": 0.033079722130334104,
        "INVALID": 0,
        "MALICIOUS": 0,
        "SANE": 0,
        "VALID": 0,
        "total": 100.00650518054118
    }
}