{
    "counter": {
        "ACTIVE": 530,
        "INACTIVE": 3,
        "INVALID": 0,
        "MALICIOUS": 0,
        "SANE": 0,
        "VALID": 0,
        "total": 533
    },
    "percentage": {
        "ACTIVE": 99.43714821763602,
        "INACTIVE": 2.7777777777777777,
        "INVALID": 0,
        "MALICIOUS": 0,
        "SANE": 0,
        "VALID": 0,
        "total": 102.2149259954138
    }
}