{
    "counter": {
        "ACTIVE": 42963,
        "INACTIVE": 69,
        "INVALID": 0,
        "MALICIOUS": 0,
        "SANE": 0,
        "VALID": 0,
        "total": 43032
    },
    "percentage": {
        "ACTIVE": 99.83965421081986,
        "INACTIVE": 0.9763690391962643,
        "INVALID": 0,
        "MALICIOUS": 0,
        "SANE": 0,
        "VALID": 0,
        "total": 100.81602325001613
    }
}