{
    "counter": {
        "ACTIVE": 168054,
        "INACTIVE": 69,
        "INVALID": 0,
        "MALICIOUS": 0,
        "SANE": 0,
        "VALID": 0,
        "total": 168123
    },
    "percentage": {
        "ACTIVE": 99.95895861958209,
        "INACTIVE": 0.9763690391962643,
        "INVALID": 0,
        "MALICIOUS": 0,
        "SANE": 0,
        "VALID": 0,
        "total": 100.93532765877836
    }
}