{
    "counter": {
        "ACTIVE": 138138,
        "INACTIVE": 69,
        "INVALID": 0,
        "MALICIOUS": 0,
        "SANE": 0,
        "VALID": 0,
        "total": 138207
    },
    "percentage": {
        "ACTIVE": 99.95007488766849,
        "INACTIVE": 0.9763690391962643,
        "INVALID": 0,
        "MALICIOUS": 0,
        "SANE": 0,
        "VALID": 0,
        "total": 100.92644392686476
    }
}