{
    "counter": {
        "ACTIVE": 186952,
        "INACTIVE": 69,
        "INVALID": 0,
        "MALICIOUS": 0,
        "SANE": 0,
        "VALID": 0,
        "total": 187021
    },
    "percentage": {
        "ACTIVE": 99.9631057474829,
        "INACTIVE": 0.9763690391962643,
        "INVALID": 0,
        "MALICIOUS": 0,
        "SANE": 0,
        "VALID": 0,
        "total": 100.93947478667917
    }
}