{
    "counter": {
        "ACTIVE": 118428,
        "INACTIVE": 69,
        "INVALID": 0,
        "MALICIOUS": 0,
        "SANE": 0,
        "VALID": 0,
        "total": 118497
    },
    "percentage": {
        "ACTIVE": 99.94177067773867,
        "INACTIVE": 0.9763690391962643,
        "INVALID": 0,
        "MALICIOUS": 0,
        "SANE": 0,
        "VALID": 0,
        "total": 100.91813971693495
    }
}