{
    "counter": {
        "ACTIVE": 71798,
        "INACTIVE": 69,
        "INVALID": 0,
        "MALICIOUS": 0,
        "SANE": 0,
        "VALID": 0,
        "total": 71867
    },
    "percentage": {
        "ACTIVE": 99.90398931359317,
        "INACTIVE": 0.9763690391962643,
        "INVALID": 0,
        "MALICIOUS": 0,
        "SANE": 0,
        "VALID": 0,
        "total": 100.88035835278944
    }
}