{
    "counter": {
        "ACTIVE": 5424,
        "INACTIVE": 5,
        "INVALID": 0,
        "MALICIOUS": 0,
        "SANE": 0,
        "VALID": 0,
        "total": 5429
    },
    "percentage": {
        "ACTIVE": 99.90790200773623,
        "INACTIVE": 0.2895193977996526,
        "INVALID": 0,
        "MALICIOUS": 0,
        "SANE": 0,
        "VALID": 0,
        "total": 100.19742140553588
    }
}