{
    "counter": {
        "ACTIVE": 109561,
        "INACTIVE": 69,
        "INVALID": 0,
        "MALICIOUS": 0,
        "SANE": 0,
        "VALID": 0,
        "total": 109630
    },
    "percentage": {
        "ACTIVE": 99.93706102344248,
        "INACTIVE": 0.9763690391962643,
        "INVALID": 0,
        "MALICIOUS": 0,
        "SANE": 0,
        "VALID": 0,
        "total": 100.91343006263875
    }
}