{
    "counter": {
        "ACTIVE": 135192,
        "INACTIVE": 69,
        "INVALID": 0,
        "MALICIOUS": 0,
        "SANE": 0,
        "VALID": 0,
        "total": 135261
    },
    "percentage": {
        "ACTIVE": 99.94898751303036,
        "INACTIVE": 0.9763690391962643,
        "INVALID": 0,
        "MALICIOUS": 0,
        "SANE": 0,
        "VALID": 0,
        "total": 100.92535655222663
    }
}