{
    "counter": {
        "ACTIVE": 144234,
        "INACTIVE": 69,
        "INVALID": 0,
        "MALICIOUS": 0,
        "SANE": 0,
        "VALID": 0,
        "total": 144303
    },
    "percentage": {
        "ACTIVE": 99.9521839462797,
        "INACTIVE": 0.9763690391962643,
        "INVALID": 0,
        "MALICIOUS": 0,
        "SANE": 0,
        "VALID": 0,
        "total": 100.92855298547597
    }
}