{
    "counter": {
        "ACTIVE": 81471,
        "INACTIVE": 69,
        "INVALID": 0,
        "MALICIOUS": 0,
        "SANE": 0,
        "VALID": 0,
        "total": 81540
    },
    "percentage": {
        "ACTIVE": 99.91537895511405,
        "INACTIVE": 0.9763690391962643,
        "INVALID": 0,
        "MALICIOUS": 0,
        "SANE": 0,
        "VALID": 0,
        "total": 100.89174799431032
    }
}