{
    "counter": {
        "ACTIVE": 7490,
        "INACTIVE": 1,
        "INVALID": 0,
        "MALICIOUS": 0,
        "SANE": 0,
        "VALID": 0,
        "total": 7491
    },
    "percentage": {
        "ACTIVE": 99.9866506474436,
        "INACTIVE": 0.01786352268667381,
        "INVALID": 0,
        "MALICIOUS": 0,
        "SANE": 0,
        "VALID": 0,
        "total": 100.00451417013026
    }
}