{
    "counter": {
        "ACTIVE": 176491,
        "INACTIVE": 69,
        "INVALID": 0,
        "MALICIOUS": 0,
        "SANE": 0,
        "VALID": 0,
        "total": 176560
    },
    "percentage": {
        "ACTIVE": 99.96091980063434,
        "INACTIVE": 0.9763690391962643,
        "INVALID": 0,
        "MALICIOUS": 0,
        "SANE": 0,
        "VALID": 0,
        "total": 100.93728883983061
    }
}