{
    "counter": {
        "ACTIVE": 190859,
        "INACTIVE": 69,
        "INVALID": 0,
        "MALICIOUS": 0,
        "SANE": 0,
        "VALID": 0,
        "total": 190928
    },
    "percentage": {
        "ACTIVE": 99.96386072236655,
        "INACTIVE": 0.9763690391962643,
        "INVALID": 0,
        "MALICIOUS": 0,
        "SANE": 0,
        "VALID": 0,
        "total": 100.94022976156282
    }
}