{
    "counter": {
        "ACTIVE": 164456,
        "INACTIVE": 69,
        "INVALID": 0,
        "MALICIOUS": 0,
        "SANE": 0,
        "VALID": 0,
        "total": 164525
    },
    "percentage": {
        "ACTIVE": 99.9580610849415,
        "INACTIVE": 0.9763690391962643,
        "INVALID": 0,
        "MALICIOUS": 0,
        "SANE": 0,
        "VALID": 0,
        "total": 100.93443012413778
    }
}