{
    "counter": {
        "ACTIVE": 170232,
        "INACTIVE": 69,
        "INVALID": 0,
        "MALICIOUS": 0,
        "SANE": 0,
        "VALID": 0,
        "total": 170301
    },
    "percentage": {
        "ACTIVE": 99.95948350273926,
        "INACTIVE": 0.9763690391962643,
        "INVALID": 0,
        "MALICIOUS": 0,
        "SANE": 0,
        "VALID": 0,
        "total": 100.93585254193553
    }
}