{
    "counter": {
        "ACTIVE": 178965,
        "INACTIVE": 69,
        "INVALID": 0,
        "MALICIOUS": 0,
        "SANE": 0,
        "VALID": 0,
        "total": 179034
    },
    "percentage": {
        "ACTIVE": 99.96145983444485,
        "INACTIVE": 0.9763690391962643,
        "INVALID": 0,
        "MALICIOUS": 0,
        "SANE": 0,
        "VALID": 0,
        "total": 100.93782887364112
    }
}