{
    "counter": {
        "ACTIVE": 178293,
        "INACTIVE": 69,
        "INVALID": 0,
        "MALICIOUS": 0,
        "SANE": 0,
        "VALID": 0,
        "total": 178362
    },
    "percentage": {
        "ACTIVE": 99.96131462979783,
        "INACTIVE": 0.9763690391962643,
        "INVALID": 0,
        "MALICIOUS": 0,
        "SANE": 0,
        "VALID": 0,
        "total": 100.9376836689941
    }
}