{
    "counter": {
        "ACTIVE": 141993,
        "INACTIVE": 69,
        "INVALID": 0,
        "MALICIOUS": 0,
        "SANE": 0,
        "VALID": 0,
        "total": 142062
    },
    "percentage": {
        "ACTIVE": 99.9514296574735,
        "INACTIVE": 0.9763690391962643,
        "INVALID": 0,
        "MALICIOUS": 0,
        "SANE": 0,
        "VALID": 0,
        "total": 100.92779869666977
    }
}