{
    "counter": {
        "ACTIVE": 179628,
        "INACTIVE": 69,
        "INVALID": 0,
        "MALICIOUS": 0,
        "SANE": 0,
        "VALID": 0,
        "total": 179697
    },
    "percentage": {
        "ACTIVE": 99.96160203008398,
        "INACTIVE": 0.9763690391962643,
        "INVALID": 0,
        "MALICIOUS": 0,
        "SANE": 0,
        "VALID": 0,
        "total": 100.93797106928025
    }
}