{
    "counter": {
        "ACTIVE": 169868,
        "INACTIVE": 69,
        "INVALID": 0,
        "MALICIOUS": 0,
        "SANE": 0,
        "VALID": 0,
        "total": 169937
    },
    "percentage": {
        "ACTIVE": 99.95939671760712,
        "INACTIVE": 0.9763690391962643,
        "INVALID": 0,
        "MALICIOUS": 0,
        "SANE": 0,
        "VALID": 0,
        "total": 100.93576575680339
    }
}