{
    "counter": {
        "ACTIVE": 163256,
        "INACTIVE": 69,
        "INVALID": 0,
        "MALICIOUS": 0,
        "SANE": 0,
        "VALID": 0,
        "total": 163325
    },
    "percentage": {
        "ACTIVE": 99.9577529465789,
        "INACTIVE": 0.9763690391962643,
        "INVALID": 0,
        "MALICIOUS": 0,
        "SANE": 0,
        "VALID": 0,
        "total": 100.93412198577518
    }
}