{
    "counter": {
        "ACTIVE": 93694,
        "INACTIVE": 69,
        "INVALID": 0,
        "MALICIOUS": 0,
        "SANE": 0,
        "VALID": 0,
        "total": 93763
    },
    "percentage": {
        "ACTIVE": 99.92641020445166,
        "INACTIVE": 0.9763690391962643,
        "INVALID": 0,
        "MALICIOUS": 0,
        "SANE": 0,
        "VALID": 0,
        "total": 100.90277924364793
    }
}