{
    "counter": {
        "ACTIVE": 903,
        "INACTIVE": 270,
        "INVALID": 0,
        "MALICIOUS": 0,
        "SANE": 0,
        "VALID": 0,
        "total": 1173
    },
    "percentage": {
        "ACTIVE": 76.98209718670077,
        "INACTIVE": 23.037542662116042,
        "INVALID": 0,
        "MALICIOUS": 0,
        "SANE": 0,
        "VALID": 0,
        "total": 100.01963984881681
    }
}