{
    "counter": {
        "ACTIVE": 108136,
        "INACTIVE": 69,
        "INVALID": 0,
        "MALICIOUS": 0,
        "SANE": 0,
        "VALID": 0,
        "total": 108205
    },
    "percentage": {
        "ACTIVE": 99.93623215193382,
        "INACTIVE": 0.9763690391962643,
        "INVALID": 0,
        "MALICIOUS": 0,
        "SANE": 0,
        "VALID": 0,
        "total": 100.9126011911301
    }
}