{
    "counter": {
        "ACTIVE": 118066,
        "INACTIVE": 69,
        "INVALID": 0,
        "MALICIOUS": 0,
        "SANE": 0,
        "VALID": 0,
        "total": 118135
    },
    "percentage": {
        "ACTIVE": 99.94159224615906,
        "INACTIVE": 0.9763690391962643,
        "INVALID": 0,
        "MALICIOUS": 0,
        "SANE": 0,
        "VALID": 0,
        "total": 100.91796128535533
    }
}