{
    "counter": {
        "ACTIVE": 48249,
        "INACTIVE": 69,
        "INVALID": 0,
        "MALICIOUS": 0,
        "SANE": 0,
        "VALID": 0,
        "total": 48318
    },
    "percentage": {
        "ACTIVE": 99.85719607599653,
        "INACTIVE": 0.9763690391962643,
        "INVALID": 0,
        "MALICIOUS": 0,
        "SANE": 0,
        "VALID": 0,
        "total": 100.8335651151928
    }
}