{
    "counter": {
        "ACTIVE": 151747,
        "INACTIVE": 69,
        "INVALID": 0,
        "MALICIOUS": 0,
        "SANE": 0,
        "VALID": 0,
        "total": 151816
    },
    "percentage": {
        "ACTIVE": 99.95455024503346,
        "INACTIVE": 0.9763690391962643,
        "INVALID": 0,
        "MALICIOUS": 0,
        "SANE": 0,
        "VALID": 0,
        "total": 100.93091928422973
    }
}