{
    "counter": {
        "ACTIVE": 28579,
        "INACTIVE": 69,
        "INVALID": 0,
        "MALICIOUS": 0,
        "SANE": 0,
        "VALID": 0,
        "total": 28648
    },
    "percentage": {
        "ACTIVE": 99.75914549008657,
        "INACTIVE": 0.9763690391962643,
        "INVALID": 0,
        "MALICIOUS": 0,
        "SANE": 0,
        "VALID": 0,
        "total": 100.73551452928284
    }
}