{
    "counter": {
        "ACTIVE": 163822,
        "INACTIVE": 69,
        "INVALID": 0,
        "MALICIOUS": 0,
        "SANE": 0,
        "VALID": 0,
        "total": 163891
    },
    "percentage": {
        "ACTIVE": 99.95789884740468,
        "INACTIVE": 0.9763690391962643,
        "INVALID": 0,
        "MALICIOUS": 0,
        "SANE": 0,
        "VALID": 0,
        "total": 100.93426788660095
    }
}