{
    "counter": {
        "ACTIVE": 115210,
        "INACTIVE": 69,
        "INVALID": 0,
        "MALICIOUS": 0,
        "SANE": 0,
        "VALID": 0,
        "total": 115279
    },
    "percentage": {
        "ACTIVE": 99.94014521291822,
        "INACTIVE": 0.9763690391962643,
        "INVALID": 0,
        "MALICIOUS": 0,
        "SANE": 0,
        "VALID": 0,
        "total": 100.9165142521145
    }
}