{
    "counter": {
        "ACTIVE": 184165,
        "INACTIVE": 69,
        "INVALID": 0,
        "MALICIOUS": 0,
        "SANE": 0,
        "VALID": 0,
        "total": 184234
    },
    "percentage": {
        "ACTIVE": 99.9625476296449,
        "INACTIVE": 0.9763690391962643,
        "INVALID": 0,
        "MALICIOUS": 0,
        "SANE": 0,
        "VALID": 0,
        "total": 100.93891666884117
    }
}