{
    "counter": {
        "ACTIVE": 125510,
        "INACTIVE": 69,
        "INVALID": 0,
        "MALICIOUS": 0,
        "SANE": 0,
        "VALID": 0,
        "total": 125579
    },
    "percentage": {
        "ACTIVE": 99.94505450752116,
        "INACTIVE": 0.9763690391962643,
        "INVALID": 0,
        "MALICIOUS": 0,
        "SANE": 0,
        "VALID": 0,
        "total": 100.92142354671743
    }
}