{
    "counter": {
        "ACTIVE": 186706,
        "INACTIVE": 69,
        "INVALID": 0,
        "MALICIOUS": 0,
        "SANE": 0,
        "VALID": 0,
        "total": 186775
    },
    "percentage": {
        "ACTIVE": 99.96305715433007,
        "INACTIVE": 0.9763690391962643,
        "INVALID": 0,
        "MALICIOUS": 0,
        "SANE": 0,
        "VALID": 0,
        "total": 100.93942619352634
    }
}