{
    "counter": {
        "ACTIVE": 124968,
        "INACTIVE": 69,
        "INVALID": 0,
        "MALICIOUS": 0,
        "SANE": 0,
        "VALID": 0,
        "total": 125037
    },
    "percentage": {
        "ACTIVE": 99.94481633436503,
        "INACTIVE": 0.9763690391962643,
        "INVALID": 0,
        "MALICIOUS": 0,
        "SANE": 0,
        "VALID": 0,
        "total": 100.9211853735613
    }
}