{
    "counter": {
        "ACTIVE": 176986,
        "INACTIVE": 69,
        "INVALID": 0,
        "MALICIOUS": 0,
        "SANE": 0,
        "VALID": 0,
        "total": 177055
    },
    "percentage": {
        "ACTIVE": 99.96102905876705,
        "INACTIVE": 0.9763690391962643,
        "INVALID": 0,
        "MALICIOUS": 0,
        "SANE": 0,
        "VALID": 0,
        "total": 100.93739809796332
    }
}