{
    "counter": {
        "ACTIVE": 99583,
        "INACTIVE": 69,
        "INVALID": 0,
        "MALICIOUS": 0,
        "SANE": 0,
        "VALID": 0,
        "total": 99652
    },
    "percentage": {
        "ACTIVE": 99.9307590414643,
        "INACTIVE": 0.9763690391962643,
        "INVALID": 0,
        "MALICIOUS": 0,
        "SANE": 0,
        "VALID": 0,
        "total": 100.90712808066057
    }
}