{
    "counter": {
        "ACTIVE": 163181,
        "INACTIVE": 69,
        "INVALID": 0,
        "MALICIOUS": 0,
        "SANE": 0,
        "VALID": 0,
        "total": 163250
    },
    "percentage": {
        "ACTIVE": 99.95773353751915,
        "INACTIVE": 0.9763690391962643,
        "INVALID": 0,
        "MALICIOUS": 0,
        "SANE": 0,
        "VALID": 0,
        "total": 100.93410257671542
    }
}