{
    "counter": {
        "ACTIVE": 116407,
        "INACTIVE": 69,
        "INVALID": 0,
        "MALICIOUS": 0,
        "SANE": 0,
        "VALID": 0,
        "total": 116476
    },
    "percentage": {
        "ACTIVE": 99.94076032830797,
        "INACTIVE": 0.9763690391962643,
        "INVALID": 0,
        "MALICIOUS": 0,
        "SANE": 0,
        "VALID": 0,
        "total": 100.91712936750424
    }
}