{
    "counter": {
        "ACTIVE": 156735,
        "INACTIVE": 69,
        "INVALID": 0,
        "MALICIOUS": 0,
        "SANE": 0,
        "VALID": 0,
        "total": 156804
    },
    "percentage": {
        "ACTIVE": 99.95599602050969,
        "INACTIVE": 0.9763690391962643,
        "INVALID": 0,
        "MALICIOUS": 0,
        "SANE": 0,
        "VALID": 0,
        "total": 100.93236505970596
    }
}