{
    "counter": {
        "ACTIVE": 138424,
        "INACTIVE": 69,
        "INVALID": 0,
        "MALICIOUS": 0,
        "SANE": 0,
        "VALID": 0,
        "total": 138493
    },
    "percentage": {
        "ACTIVE": 99.9501779873351,
        "INACTIVE": 0.9763690391962643,
        "INVALID": 0,
        "MALICIOUS": 0,
        "SANE": 0,
        "VALID": 0,
        "total": 100.92654702653137
    }
}