{
    "counter": {
        "ACTIVE": 155998,
        "INACTIVE": 69,
        "INVALID": 0,
        "MALICIOUS": 0,
        "SANE": 0,
        "VALID": 0,
        "total": 156067
    },
    "percentage": {
        "ACTIVE": 99.95578821916229,
        "INACTIVE": 0.9763690391962643,
        "INVALID": 0,
        "MALICIOUS": 0,
        "SANE": 0,
        "VALID": 0,
        "total": 100.93215725835856
    }
}