{
    "counter": {
        "ACTIVE": 139684,
        "INACTIVE": 69,
        "INVALID": 0,
        "MALICIOUS": 0,
        "SANE": 0,
        "VALID": 0,
        "total": 139753
    },
    "percentage": {
        "ACTIVE": 99.95062717794967,
        "INACTIVE": 0.9763690391962643,
        "INVALID": 0,
        "MALICIOUS": 0,
        "SANE": 0,
        "VALID": 0,
        "total": 100.92699621714594
    }
}