{
    "counter": {
        "ACTIVE": 182369,
        "INACTIVE": 69,
        "INVALID": 0,
        "MALICIOUS": 0,
        "SANE": 0,
        "VALID": 0,
        "total": 182438
    },
    "percentage": {
        "ACTIVE": 99.96217893202075,
        "INACTIVE": 0.9763690391962643,
        "INVALID": 0,
        "MALICIOUS": 0,
        "SANE": 0,
        "VALID": 0,
        "total": 100.93854797121702
    }
}