{
    "counter": {
        "ACTIVE": 105819,
        "INACTIVE": 69,
        "INVALID": 0,
        "MALICIOUS": 0,
        "SANE": 0,
        "VALID": 0,
        "total": 105888
    },
    "percentage": {
        "ACTIVE": 99.93483680870354,
        "INACTIVE": 0.9763690391962643,
        "INVALID": 0,
        "MALICIOUS": 0,
        "SANE": 0,
        "VALID": 0,
        "total": 100.91120584789981
    }
}