{
    "counter": {
        "ACTIVE": 131409,
        "INACTIVE": 69,
        "INVALID": 0,
        "MALICIOUS": 0,
        "SANE": 0,
        "VALID": 0,
        "total": 131478
    },
    "percentage": {
        "ACTIVE": 99.94751973714233,
        "INACTIVE": 0.9763690391962643,
        "INVALID": 0,
        "MALICIOUS": 0,
        "SANE": 0,
        "VALID": 0,
        "total": 100.9238887763386
    }
}