{
    "counter": {
        "ACTIVE": 178405,
        "INACTIVE": 69,
        "INVALID": 0,
        "MALICIOUS": 0,
        "SANE": 0,
        "VALID": 0,
        "total": 178474
    },
    "percentage": {
        "ACTIVE": 99.9613389065074,
        "INACTIVE": 0.9763690391962643,
        "INVALID": 0,
        "MALICIOUS": 0,
        "SANE": 0,
        "VALID": 0,
        "total": 100.93770794570366
    }
}