{
    "counter": {
        "ACTIVE": 178791,
        "INACTIVE": 69,
        "INVALID": 0,
        "MALICIOUS": 0,
        "SANE": 0,
        "VALID": 0,
        "total": 178860
    },
    "percentage": {
        "ACTIVE": 99.96142234149615,
        "INACTIVE": 0.9763690391962643,
        "INVALID": 0,
        "MALICIOUS": 0,
        "SANE": 0,
        "VALID": 0,
        "total": 100.93779138069242
    }
}