{
    "counter": {
        "ACTIVE": 149599,
        "INACTIVE": 69,
        "INVALID": 0,
        "MALICIOUS": 0,
        "SANE": 0,
        "VALID": 0,
        "total": 149668
    },
    "percentage": {
        "ACTIVE": 99.95389796081994,
        "INACTIVE": 0.9763690391962643,
        "INVALID": 0,
        "MALICIOUS": 0,
        "SANE": 0,
        "VALID": 0,
        "total": 100.93026700001622
    }
}