{
    "counter": {
        "ACTIVE": 156455,
        "INACTIVE": 69,
        "INVALID": 0,
        "MALICIOUS": 0,
        "SANE": 0,
        "VALID": 0,
        "total": 156524
    },
    "percentage": {
        "ACTIVE": 99.95591730341673,
        "INACTIVE": 0.9763690391962643,
        "INVALID": 0,
        "MALICIOUS": 0,
        "SANE": 0,
        "VALID": 0,
        "total": 100.932286342613
    }
}