{
    "counter": {
        "ACTIVE": 89352,
        "INACTIVE": 69,
        "INVALID": 0,
        "MALICIOUS": 0,
        "SANE": 0,
        "VALID": 0,
        "total": 89421
    },
    "percentage": {
        "ACTIVE": 99.9228369175026,
        "INACTIVE": 0.9763690391962643,
        "INVALID": 0,
        "MALICIOUS": 0,
        "SANE": 0,
        "VALID": 0,
        "total": 100.89920595669886
    }
}