{
    "counter": {
        "ACTIVE": 59258,
        "INACTIVE": 69,
        "INVALID": 0,
        "MALICIOUS": 0,
        "SANE": 0,
        "VALID": 0,
        "total": 59327
    },
    "percentage": {
        "ACTIVE": 99.88369545063799,
        "INACTIVE": 0.9763690391962643,
        "INVALID": 0,
        "MALICIOUS": 0,
        "SANE": 0,
        "VALID": 0,
        "total": 100.86006448983426
    }
}