{
    "counter": {
        "ACTIVE": 143217,
        "INACTIVE": 69,
        "INVALID": 0,
        "MALICIOUS": 0,
        "SANE": 0,
        "VALID": 0,
        "total": 143286
    },
    "percentage": {
        "ACTIVE": 99.95184456262301,
        "INACTIVE": 0.9763690391962643,
        "INVALID": 0,
        "MALICIOUS": 0,
        "SANE": 0,
        "VALID": 0,
        "total": 100.92821360181928
    }
}