{
    "counter": {
        "ACTIVE": 116822,
        "INACTIVE": 69,
        "INVALID": 0,
        "MALICIOUS": 0,
        "SANE": 0,
        "VALID": 0,
        "total": 116891
    },
    "percentage": {
        "ACTIVE": 99.94097064786853,
        "INACTIVE": 0.9763690391962643,
        "INVALID": 0,
        "MALICIOUS": 0,
        "SANE": 0,
        "VALID": 0,
        "total": 100.9173396870648
    }
}