{
    "counter": {
        "ACTIVE": 142897,
        "INACTIVE": 69,
        "INVALID": 0,
        "MALICIOUS": 0,
        "SANE": 0,
        "VALID": 0,
        "total": 142966
    },
    "percentage": {
        "ACTIVE": 99.95173677657625,
        "INACTIVE": 0.9763690391962643,
        "INVALID": 0,
        "MALICIOUS": 0,
        "SANE": 0,
        "VALID": 0,
        "total": 100.92810581577253
    }
}