{
    "counter": {
        "ACTIVE": 184942,
        "INACTIVE": 69,
        "INVALID": 0,
        "MALICIOUS": 0,
        "SANE": 0,
        "VALID": 0,
        "total": 185011
    },
    "percentage": {
        "ACTIVE": 99.96270492024799,
        "INACTIVE": 0.9763690391962643,
        "INVALID": 0,
        "MALICIOUS": 0,
        "SANE": 0,
        "VALID": 0,
        "total": 100.93907395944426
    }
}