{
    "counter": {
        "ACTIVE": 153192,
        "INACTIVE": 69,
        "INVALID": 0,
        "MALICIOUS": 0,
        "SANE": 0,
        "VALID": 0,
        "total": 153261
    },
    "percentage": {
        "ACTIVE": 99.9549787617202,
        "INACTIVE": 0.9763690391962643,
        "INVALID": 0,
        "MALICIOUS": 0,
        "SANE": 0,
        "VALID": 0,
        "total": 100.93134780091647
    }
}