{
    "counter": {
        "ACTIVE": 181355,
        "INACTIVE": 69,
        "INVALID": 0,
        "MALICIOUS": 0,
        "SANE": 0,
        "VALID": 0,
        "total": 181424
    },
    "percentage": {
        "ACTIVE": 99.96196754563894,
        "INACTIVE": 0.9763690391962643,
        "INVALID": 0,
        "MALICIOUS": 0,
        "SANE": 0,
        "VALID": 0,
        "total": 100.93833658483521
    }
}