{
    "counter": {
        "ACTIVE": 30424,
        "INACTIVE": 69,
        "INVALID": 0,
        "MALICIOUS": 0,
        "SANE": 0,
        "VALID": 0,
        "total": 30493
    },
    "percentage": {
        "ACTIVE": 99.77371855835766,
        "INACTIVE": 0.9763690391962643,
        "INVALID": 0,
        "MALICIOUS": 0,
        "SANE": 0,
        "VALID": 0,
        "total": 100.75008759755393
    }
}