{
    "counter": {
        "ACTIVE": 123408,
        "INACTIVE": 69,
        "INVALID": 0,
        "MALICIOUS": 0,
        "SANE": 0,
        "VALID": 0,
        "total": 123477
    },
    "percentage": {
        "ACTIVE": 99.94411914769552,
        "INACTIVE": 0.9763690391962643,
        "INVALID": 0,
        "MALICIOUS": 0,
        "SANE": 0,
        "VALID": 0,
        "total": 100.92048818689179
    }
}