{
    "counter": {
        "ACTIVE": 151491,
        "INACTIVE": 69,
        "INVALID": 0,
        "MALICIOUS": 0,
        "SANE": 0,
        "VALID": 0,
        "total": 151560
    },
    "percentage": {
        "ACTIVE": 99.95447347585115,
        "INACTIVE": 0.9763690391962643,
        "INVALID": 0,
        "MALICIOUS": 0,
        "SANE": 0,
        "VALID": 0,
        "total": 100.93084251504742
    }
}