{
    "counter": {
        "ACTIVE": 101348,
        "INACTIVE": 69,
        "INVALID": 0,
        "MALICIOUS": 0,
        "SANE": 0,
        "VALID": 0,
        "total": 101417
    },
    "percentage": {
        "ACTIVE": 99.93196406914028,
        "INACTIVE": 0.9763690391962643,
        "INVALID": 0,
        "MALICIOUS": 0,
        "SANE": 0,
        "VALID": 0,
        "total": 100.90833310833655
    }
}