{
    "counter": {
        "ACTIVE": 186424,
        "INACTIVE": 69,
        "INVALID": 0,
        "MALICIOUS": 0,
        "SANE": 0,
        "VALID": 0,
        "total": 186493
    },
    "percentage": {
        "ACTIVE": 99.9630012922737,
        "INACTIVE": 0.9763690391962643,
        "INVALID": 0,
        "MALICIOUS": 0,
        "SANE": 0,
        "VALID": 0,
        "total": 100.93937033146997
    }
}