{
    "counter": {
        "ACTIVE": 189079,
        "INACTIVE": 69,
        "INVALID": 0,
        "MALICIOUS": 0,
        "SANE": 0,
        "VALID": 0,
        "total": 189148
    },
    "percentage": {
        "ACTIVE": 99.96352062934845,
        "INACTIVE": 0.9763690391962643,
        "INVALID": 0,
        "MALICIOUS": 0,
        "SANE": 0,
        "VALID": 0,
        "total": 100.93988966854472
    }
}