{
    "counter": {
        "ACTIVE": 102382,
        "INACTIVE": 69,
        "INVALID": 0,
        "MALICIOUS": 0,
        "SANE": 0,
        "VALID": 0,
        "total": 102451
    },
    "percentage": {
        "ACTIVE": 99.93265073059317,
        "INACTIVE": 0.9763690391962643,
        "INVALID": 0,
        "MALICIOUS": 0,
        "SANE": 0,
        "VALID": 0,
        "total": 100.90901976978944
    }
}