{
    "counter": {
        "ACTIVE": 149661,
        "INACTIVE": 69,
        "INVALID": 0,
        "MALICIOUS": 0,
        "SANE": 0,
        "VALID": 0,
        "total": 149730
    },
    "percentage": {
        "ACTIVE": 99.95391705069125,
        "INACTIVE": 0.9763690391962643,
        "INVALID": 0,
        "MALICIOUS": 0,
        "SANE": 0,
        "VALID": 0,
        "total": 100.93028608988752
    }
}