{
    "counter": {
        "ACTIVE": 149029,
        "INACTIVE": 69,
        "INVALID": 0,
        "MALICIOUS": 0,
        "SANE": 0,
        "VALID": 0,
        "total": 149098
    },
    "percentage": {
        "ACTIVE": 99.9537217132356,
        "INACTIVE": 0.9763690391962643,
        "INVALID": 0,
        "MALICIOUS": 0,
        "SANE": 0,
        "VALID": 0,
        "total": 100.93009075243187
    }
}