{
    "counter": {
        "ACTIVE": 92474,
        "INACTIVE": 69,
        "INVALID": 0,
        "MALICIOUS": 0,
        "SANE": 0,
        "VALID": 0,
        "total": 92543
    },
    "percentage": {
        "ACTIVE": 99.92544006569919,
        "INACTIVE": 0.9763690391962643,
        "INVALID": 0,
        "MALICIOUS": 0,
        "SANE": 0,
        "VALID": 0,
        "total": 100.90180910489546
    }
}