{
    "counter": {
        "ACTIVE": 191385,
        "INACTIVE": 69,
        "INVALID": 0,
        "MALICIOUS": 0,
        "SANE": 0,
        "VALID": 0,
        "total": 191454
    },
    "percentage": {
        "ACTIVE": 99.96396001128208,
        "INACTIVE": 0.9763690391962643,
        "INVALID": 0,
        "MALICIOUS": 0,
        "SANE": 0,
        "VALID": 0,
        "total": 100.94032905047835
    }
}