{
    "counter": {
        "ACTIVE": 191080,
        "INACTIVE": 69,
        "INVALID": 0,
        "MALICIOUS": 0,
        "SANE": 0,
        "VALID": 0,
        "total": 191149
    },
    "percentage": {
        "ACTIVE": 99.96390250537539,
        "INACTIVE": 0.9763690391962643,
        "INVALID": 0,
        "MALICIOUS": 0,
        "SANE": 0,
        "VALID": 0,
        "total": 100.94027154457166
    }
}