{
    "counter": {
        "ACTIVE": 188142,
        "INACTIVE": 69,
        "INVALID": 0,
        "MALICIOUS": 0,
        "SANE": 0,
        "VALID": 0,
        "total": 188211
    },
    "percentage": {
        "ACTIVE": 99.96333901844207,
        "INACTIVE": 0.9763690391962643,
        "INVALID": 0,
        "MALICIOUS": 0,
        "SANE": 0,
        "VALID": 0,
        "total": 100.93970805763834
    }
}