{
    "counter": {
        "ACTIVE": 140055,
        "INACTIVE": 69,
        "INVALID": 0,
        "MALICIOUS": 0,
        "SANE": 0,
        "VALID": 0,
        "total": 140124
    },
    "percentage": {
        "ACTIVE": 99.95075790014559,
        "INACTIVE": 0.9763690391962643,
        "INVALID": 0,
        "MALICIOUS": 0,
        "SANE": 0,
        "VALID": 0,
        "total": 100.92712693934186
    }
}