{
    "counter": {
        "ACTIVE": 91325,
        "INACTIVE": 69,
        "INVALID": 0,
        "MALICIOUS": 0,
        "SANE": 0,
        "VALID": 0,
        "total": 91394
    },
    "percentage": {
        "ACTIVE": 99.92450270258442,
        "INACTIVE": 0.9763690391962643,
        "INVALID": 0,
        "MALICIOUS": 0,
        "SANE": 0,
        "VALID": 0,
        "total": 100.90087174178069
    }
}