{
    "counter": {
        "ACTIVE": 135733,
        "INACTIVE": 69,
        "INVALID": 0,
        "MALICIOUS": 0,
        "SANE": 0,
        "VALID": 0,
        "total": 135802
    },
    "percentage": {
        "ACTIVE": 99.94919073356799,
        "INACTIVE": 0.9763690391962643,
        "INVALID": 0,
        "MALICIOUS": 0,
        "SANE": 0,
        "VALID": 0,
        "total": 100.92555977276426
    }
}