{
    "counter": {
        "ACTIVE": 127699,
        "INACTIVE": 69,
        "INVALID": 0,
        "MALICIOUS": 0,
        "SANE": 0,
        "VALID": 0,
        "total": 127768
    },
    "percentage": {
        "ACTIVE": 99.94599586750986,
        "INACTIVE": 0.9763690391962643,
        "INVALID": 0,
        "MALICIOUS": 0,
        "SANE": 0,
        "VALID": 0,
        "total": 100.92236490670614
    }
}