{
    "counter": {
        "ACTIVE": 9438,
        "INACTIVE": 699,
        "INVALID": 0,
        "MALICIOUS": 0,
        "SANE": 0,
        "VALID": 0,
        "total": 10137
    },
    "percentage": {
        "ACTIVE": 93.1044687777449,
        "INACTIVE": 6.981622053535757,
        "INVALID": 0,
        "MALICIOUS": 0,
        "SANE": 0,
        "VALID": 0,
        "total": 100.08609083128066
    }
}