{
    "counter": {
        "ACTIVE": 130488,
        "INACTIVE": 69,
        "INVALID": 0,
        "MALICIOUS": 0,
        "SANE": 0,
        "VALID": 0,
        "total": 130557
    },
    "percentage": {
        "ACTIVE": 99.94714952089892,
        "INACTIVE": 0.9763690391962643,
        "INVALID": 0,
        "MALICIOUS": 0,
        "SANE": 0,
        "VALID": 0,
        "total": 100.92351856009519
    }
}