{
    "counter": {
        "ACTIVE": 745,
        "INACTIVE": 135,
        "INVALID": 0,
        "MALICIOUS": 0,
        "SANE": 0,
        "VALID": 0,
        "total": 880
    },
    "percentage": {
        "ACTIVE": 84.6590909090909,
        "INACTIVE": 15.375854214123008,
        "INVALID": 0,
        "MALICIOUS": 0,
        "SANE": 0,
        "VALID": 0,
        "total": 100.03494512321392
    }
}