{
    "counter": {
        "ACTIVE": 2236,
        "INACTIVE": 1412,
        "INVALID": 1,
        "MALICIOUS": 0,
        "SANE": 0,
        "VALID": 0,
        "total": 3649
    },
    "percentage": {
        "ACTIVE": 61.27706220882433,
        "INACTIVE": 40.0340232492203,
        "INVALID": 0.03645643456069996,
        "MALICIOUS": 0,
        "SANE": 0,
        "VALID": 0,
        "total": 101.34754189260534
    }
}