{
    "counter": {
        "ACTIVE": 141567,
        "INACTIVE": 69,
        "INVALID": 0,
        "MALICIOUS": 0,
        "SANE": 0,
        "VALID": 0,
        "total": 141636
    },
    "percentage": {
        "ACTIVE": 99.95128357197322,
        "INACTIVE": 0.9763690391962643,
        "INVALID": 0,
        "MALICIOUS": 0,
        "SANE": 0,
        "VALID": 0,
        "total": 100.92765261116949
    }
}