{
    "counter": {
        "ACTIVE": 7584,
        "INACTIVE": 6,
        "INVALID": 0,
        "MALICIOUS": 0,
        "SANE": 0,
        "VALID": 0,
        "total": 7590
    },
    "percentage": {
        "ACTIVE": 99.9209486166008,
        "INACTIVE": 0.07979784545817263,
        "INVALID": 0,
        "MALICIOUS": 0,
        "SANE": 0,
        "VALID": 0,
        "total": 100.00074646205897
    }
}