{
    "counter": {
        "ACTIVE": 9430,
        "INACTIVE": 2,
        "INVALID": 0,
        "MALICIOUS": 0,
        "SANE": 0,
        "VALID": 0,
        "total": 9432
    },
    "percentage": {
        "ACTIVE": 99.97879558948262,
        "INACTIVE": 0.02535175560907593,
        "INVALID": 0,
        "MALICIOUS": 0,
        "SANE": 0,
        "VALID": 0,
        "total": 100.0041473450917
    }
}