{
    "counter": {
        "ACTIVE": 98522,
        "INACTIVE": 69,
        "INVALID": 0,
        "MALICIOUS": 0,
        "SANE": 0,
        "VALID": 0,
        "total": 98591
    },
    "percentage": {
        "ACTIVE": 99.9300138957917,
        "INACTIVE": 0.9763690391962643,
        "INVALID": 0,
        "MALICIOUS": 0,
        "SANE": 0,
        "VALID": 0,
        "total": 100.90638293498797
    }
}