{
    "counter": {
        "ACTIVE": 171704,
        "INACTIVE": 69,
        "INVALID": 0,
        "MALICIOUS": 0,
        "SANE": 0,
        "VALID": 0,
        "total": 171773
    },
    "percentage": {
        "ACTIVE": 99.95983070680491,
        "INACTIVE": 0.9763690391962643,
        "INVALID": 0,
        "MALICIOUS": 0,
        "SANE": 0,
        "VALID": 0,
        "total": 100.93619974600118
    }
}