{
    "counter": {
        "ACTIVE": 172299,
        "INACTIVE": 69,
        "INVALID": 0,
        "MALICIOUS": 0,
        "SANE": 0,
        "VALID": 0,
        "total": 172368
    },
    "percentage": {
        "ACTIVE": 99.9599693678641,
        "INACTIVE": 0.9763690391962643,
        "INVALID": 0,
        "MALICIOUS": 0,
        "SANE": 0,
        "VALID": 0,
        "total": 100.93633840706038
    }
}