{
    "counter": {
        "ACTIVE": 165469,
        "INACTIVE": 69,
        "INVALID": 0,
        "MALICIOUS": 0,
        "SANE": 0,
        "VALID": 0,
        "total": 165538
    },
    "percentage": {
        "ACTIVE": 99.95831772765166,
        "INACTIVE": 0.9763690391962643,
        "INVALID": 0,
        "MALICIOUS": 0,
        "SANE": 0,
        "VALID": 0,
        "total": 100.93468676684793
    }
}