{
    "counter": {
        "ACTIVE": 54796,
        "INACTIVE": 69,
        "INVALID": 0,
        "MALICIOUS": 0,
        "SANE": 0,
        "VALID": 0,
        "total": 54865
    },
    "percentage": {
        "ACTIVE": 99.87423676296363,
        "INACTIVE": 0.9763690391962643,
        "INVALID": 0,
        "MALICIOUS": 0,
        "SANE": 0,
        "VALID": 0,
        "total": 100.8506058021599
    }
}