{
    "counter": {
        "ACTIVE": 174479,
        "INACTIVE": 69,
        "INVALID": 0,
        "MALICIOUS": 0,
        "SANE": 0,
        "VALID": 0,
        "total": 174548
    },
    "percentage": {
        "ACTIVE": 99.96046932648899,
        "INACTIVE": 0.9763690391962643,
        "INVALID": 0,
        "MALICIOUS": 0,
        "SANE": 0,
        "VALID": 0,
        "total": 100.93683836568526
    }
}