{
    "counter": {
        "ACTIVE": 179793,
        "INACTIVE": 69,
        "INVALID": 0,
        "MALICIOUS": 0,
        "SANE": 0,
        "VALID": 0,
        "total": 179862
    },
    "percentage": {
        "ACTIVE": 99.96163725522901,
        "INACTIVE": 0.9763690391962643,
        "INVALID": 0,
        "MALICIOUS": 0,
        "SANE": 0,
        "VALID": 0,
        "total": 100.93800629442528
    }
}