{
    "counter": {
        "ACTIVE": 128662,
        "INACTIVE": 69,
        "INVALID": 0,
        "MALICIOUS": 0,
        "SANE": 0,
        "VALID": 0,
        "total": 128731
    },
    "percentage": {
        "ACTIVE": 99.94639985706628,
        "INACTIVE": 0.9763690391962643,
        "INVALID": 0,
        "MALICIOUS": 0,
        "SANE": 0,
        "VALID": 0,
        "total": 100.92276889626255
    }
}