{
    "counter": {
        "ACTIVE": 150589,
        "INACTIVE": 69,
        "INVALID": 0,
        "MALICIOUS": 0,
        "SANE": 0,
        "VALID": 0,
        "total": 150658
    },
    "percentage": {
        "ACTIVE": 99.95420090536182,
        "INACTIVE": 0.9763690391962643,
        "INVALID": 0,
        "MALICIOUS": 0,
        "SANE": 0,
        "VALID": 0,
        "total": 100.93056994455809
    }
}