{
    "counter": {
        "ACTIVE": 180240,
        "INACTIVE": 69,
        "INVALID": 0,
        "MALICIOUS": 0,
        "SANE": 0,
        "VALID": 0,
        "total": 180309
    },
    "percentage": {
        "ACTIVE": 99.96173235944961,
        "INACTIVE": 0.9763690391962643,
        "INVALID": 0,
        "MALICIOUS": 0,
        "SANE": 0,
        "VALID": 0,
        "total": 100.93810139864588
    }
}