{
    "counter": {
        "ACTIVE": 1625,
        "INACTIVE": 820,
        "INVALID": 0,
        "MALICIOUS": 0,
        "SANE": 0,
        "VALID": 0,
        "total": 2445
    },
    "percentage": {
        "ACTIVE": 66.48936170212765,
        "INACTIVE": 33.537832310838446,
        "INVALID": 0,
        "MALICIOUS": 0,
        "SANE": 0,
        "VALID": 0,
        "total": 100.0271940129661
    }
}