{
    "counter": {
        "ACTIVE": 175333,
        "INACTIVE": 69,
        "INVALID": 0,
        "MALICIOUS": 0,
        "SANE": 0,
        "VALID": 0,
        "total": 175402
    },
    "percentage": {
        "ACTIVE": 99.96066179405024,
        "INACTIVE": 0.9763690391962643,
        "INVALID": 0,
        "MALICIOUS": 0,
        "SANE": 0,
        "VALID": 0,
        "total": 100.93703083324651
    }
}