{
    "counter": {
        "ACTIVE": 88262,
        "INACTIVE": 69,
        "INVALID": 0,
        "MALICIOUS": 0,
        "SANE": 0,
        "VALID": 0,
        "total": 88331
    },
    "percentage": {
        "ACTIVE": 99.92188472903058,
        "INACTIVE": 0.9763690391962643,
        "INVALID": 0,
        "MALICIOUS": 0,
        "SANE": 0,
        "VALID": 0,
        "total": 100.89825376822685
    }
}