{
    "counter": {
        "ACTIVE": 189992,
        "INACTIVE": 69,
        "INVALID": 0,
        "MALICIOUS": 0,
        "SANE": 0,
        "VALID": 0,
        "total": 190061
    },
    "percentage": {
        "ACTIVE": 99.96369586606406,
        "INACTIVE": 0.9763690391962643,
        "INVALID": 0,
        "MALICIOUS": 0,
        "SANE": 0,
        "VALID": 0,
        "total": 100.94006490526033
    }
}