{
    "counter": {
        "ACTIVE": 191645,
        "INACTIVE": 69,
        "INVALID": 0,
        "MALICIOUS": 0,
        "SANE": 0,
        "VALID": 0,
        "total": 191714
    },
    "percentage": {
        "ACTIVE": 99.96400888823977,
        "INACTIVE": 0.9763690391962643,
        "INVALID": 0,
        "MALICIOUS": 0,
        "SANE": 0,
        "VALID": 0,
        "total": 100.94037792743605
    }
}