{
    "counter": {
        "ACTIVE": 183307,
        "INACTIVE": 69,
        "INVALID": 0,
        "MALICIOUS": 0,
        "SANE": 0,
        "VALID": 0,
        "total": 183376
    },
    "percentage": {
        "ACTIVE": 99.96237239333392,
        "INACTIVE": 0.9763690391962643,
        "INVALID": 0,
        "MALICIOUS": 0,
        "SANE": 0,
        "VALID": 0,
        "total": 100.9387414325302
    }
}