{
    "counter": {
        "ACTIVE": 58433,
        "INACTIVE": 69,
        "INVALID": 0,
        "MALICIOUS": 0,
        "SANE": 0,
        "VALID": 0,
        "total": 58502
    },
    "percentage": {
        "ACTIVE": 99.88205531434822,
        "INACTIVE": 0.9763690391962643,
        "INVALID": 0,
        "MALICIOUS": 0,
        "SANE": 0,
        "VALID": 0,
        "total": 100.85842435354449
    }
}