{
    "counter": {
        "ACTIVE": 186803,
        "INACTIVE": 69,
        "INVALID": 0,
        "MALICIOUS": 0,
        "SANE": 0,
        "VALID": 0,
        "total": 186872
    },
    "percentage": {
        "ACTIVE": 99.96307633032237,
        "INACTIVE": 0.9763690391962643,
        "INVALID": 0,
        "MALICIOUS": 0,
        "SANE": 0,
        "VALID": 0,
        "total": 100.93944536951864
    }
}