{
    "counter": {
        "ACTIVE": 170011,
        "INACTIVE": 69,
        "INVALID": 0,
        "MALICIOUS": 0,
        "SANE": 0,
        "VALID": 0,
        "total": 170080
    },
    "percentage": {
        "ACTIVE": 99.95943085606773,
        "INACTIVE": 0.9763690391962643,
        "INVALID": 0,
        "MALICIOUS": 0,
        "SANE": 0,
        "VALID": 0,
        "total": 100.935799895264
    }
}