{
    "counter": {
        "ACTIVE": 140383,
        "INACTIVE": 69,
        "INVALID": 0,
        "MALICIOUS": 0,
        "SANE": 0,
        "VALID": 0,
        "total": 140452
    },
    "percentage": {
        "ACTIVE": 99.95087289607838,
        "INACTIVE": 0.9763690391962643,
        "INVALID": 0,
        "MALICIOUS": 0,
        "SANE": 0,
        "VALID": 0,
        "total": 100.92724193527465
    }
}