{
    "counter": {
        "ACTIVE": 134707,
        "INACTIVE": 69,
        "INVALID": 0,
        "MALICIOUS": 0,
        "SANE": 0,
        "VALID": 0,
        "total": 134776
    },
    "percentage": {
        "ACTIVE": 99.94880394135454,
        "INACTIVE": 0.9763690391962643,
        "INVALID": 0,
        "MALICIOUS": 0,
        "SANE": 0,
        "VALID": 0,
        "total": 100.92517298055081
    }
}