{
    "counter": {
        "ACTIVE": 681,
        "INACTIVE": 104,
        "INVALID": 0,
        "MALICIOUS": 0,
        "SANE": 0,
        "VALID": 0,
        "total": 785
    },
    "percentage": {
        "ACTIVE": 86.7515923566879,
        "INACTIVE": 13.316261203585148,
        "INVALID": 0,
        "MALICIOUS": 0,
        "SANE": 0,
        "VALID": 0,
        "total": 100.06785356027304
    }
}