{
    "counter": {
        "ACTIVE": 116482,
        "INACTIVE": 69,
        "INVALID": 0,
        "MALICIOUS": 0,
        "SANE": 0,
        "VALID": 0,
        "total": 116551
    },
    "percentage": {
        "ACTIVE": 99.94079844874776,
        "INACTIVE": 0.9763690391962643,
        "INVALID": 0,
        "MALICIOUS": 0,
        "SANE": 0,
        "VALID": 0,
        "total": 100.91716748794403
    }
}