{
    "counter": {
        "ACTIVE": 191049,
        "INACTIVE": 69,
        "INVALID": 0,
        "MALICIOUS": 0,
        "SANE": 0,
        "VALID": 0,
        "total": 191118
    },
    "percentage": {
        "ACTIVE": 99.96389665023703,
        "INACTIVE": 0.9763690391962643,
        "INVALID": 0,
        "MALICIOUS": 0,
        "SANE": 0,
        "VALID": 0,
        "total": 100.9402656894333
    }
}