{
    "counter": {
        "ACTIVE": 159144,
        "INACTIVE": 69,
        "INVALID": 0,
        "MALICIOUS": 0,
        "SANE": 0,
        "VALID": 0,
        "total": 159213
    },
    "percentage": {
        "ACTIVE": 99.95666183037817,
        "INACTIVE": 0.9763690391962643,
        "INVALID": 0,
        "MALICIOUS": 0,
        "SANE": 0,
        "VALID": 0,
        "total": 100.93303086957444
    }
}