{
    "counter": {
        "ACTIVE": 177652,
        "INACTIVE": 69,
        "INVALID": 0,
        "MALICIOUS": 0,
        "SANE": 0,
        "VALID": 0,
        "total": 177721
    },
    "percentage": {
        "ACTIVE": 99.96117510029765,
        "INACTIVE": 0.9763690391962643,
        "INVALID": 0,
        "MALICIOUS": 0,
        "SANE": 0,
        "VALID": 0,
        "total": 100.93754413949392
    }
}