{
    "counter": {
        "ACTIVE": 9391,
        "INACTIVE": 1,
        "INVALID": 0,
        "MALICIOUS": 0,
        "SANE": 0,
        "VALID": 0,
        "total": 9392
    },
    "percentage": {
        "ACTIVE": 99.98935264054515,
        "INACTIVE": 0.010650761529449356,
        "INVALID": 0,
        "MALICIOUS": 0,
        "SANE": 0,
        "VALID": 0,
        "total": 100.0000034020746
    }
}