{
    "counter": {
        "ACTIVE": 161283,
        "INACTIVE": 69,
        "INVALID": 0,
        "MALICIOUS": 0,
        "SANE": 0,
        "VALID": 0,
        "total": 161352
    },
    "percentage": {
        "ACTIVE": 99.95723635281868,
        "INACTIVE": 0.9763690391962643,
        "INVALID": 0,
        "MALICIOUS": 0,
        "SANE": 0,
        "VALID": 0,
        "total": 100.93360539201495
    }
}