{
    "counter": {
        "ACTIVE": 189880,
        "INACTIVE": 69,
        "INVALID": 0,
        "MALICIOUS": 0,
        "SANE": 0,
        "VALID": 0,
        "total": 189949
    },
    "percentage": {
        "ACTIVE": 99.96367445998663,
        "INACTIVE": 0.9763690391962643,
        "INVALID": 0,
        "MALICIOUS": 0,
        "SANE": 0,
        "VALID": 0,
        "total": 100.9400434991829
    }
}