{
    "counter": {
        "ACTIVE": 179385,
        "INACTIVE": 69,
        "INVALID": 0,
        "MALICIOUS": 0,
        "SANE": 0,
        "VALID": 0,
        "total": 179454
    },
    "percentage": {
        "ACTIVE": 99.96155003510648,
        "INACTIVE": 0.9763690391962643,
        "INVALID": 0,
        "MALICIOUS": 0,
        "SANE": 0,
        "VALID": 0,
        "total": 100.93791907430276
    }
}