{
    "counter": {
        "ACTIVE": 151503,
        "INACTIVE": 69,
        "INVALID": 0,
        "MALICIOUS": 0,
        "SANE": 0,
        "VALID": 0,
        "total": 151572
    },
    "percentage": {
        "ACTIVE": 99.95447708019951,
        "INACTIVE": 0.9763690391962643,
        "INVALID": 0,
        "MALICIOUS": 0,
        "SANE": 0,
        "VALID": 0,
        "total": 100.93084611939578
    }
}