{
    "counter": {
        "ACTIVE": 134566,
        "INACTIVE": 69,
        "INVALID": 0,
        "MALICIOUS": 0,
        "SANE": 0,
        "VALID": 0,
        "total": 134635
    },
    "percentage": {
        "ACTIVE": 99.94875032495266,
        "INACTIVE": 0.9763690391962643,
        "INVALID": 0,
        "MALICIOUS": 0,
        "SANE": 0,
        "VALID": 0,
        "total": 100.92511936414893
    }
}