{
    "counter": {
        "ACTIVE": 188862,
        "INACTIVE": 69,
        "INVALID": 0,
        "MALICIOUS": 0,
        "SANE": 0,
        "VALID": 0,
        "total": 188931
    },
    "percentage": {
        "ACTIVE": 99.96347873033012,
        "INACTIVE": 0.9763690391962643,
        "INVALID": 0,
        "MALICIOUS": 0,
        "SANE": 0,
        "VALID": 0,
        "total": 100.9398477695264
    }
}