{
    "counter": {
        "ACTIVE": 182230,
        "INACTIVE": 69,
        "INVALID": 0,
        "MALICIOUS": 0,
        "SANE": 0,
        "VALID": 0,
        "total": 182299
    },
    "percentage": {
        "ACTIVE": 99.96215009407622,
        "INACTIVE": 0.9763690391962643,
        "INVALID": 0,
        "MALICIOUS": 0,
        "SANE": 0,
        "VALID": 0,
        "total": 100.9385191332725
    }
}