{
    "counter": {
        "ACTIVE": 9432,
        "INACTIVE": 11,
        "INVALID": 0,
        "MALICIOUS": 0,
        "SANE": 0,
        "VALID": 0,
        "total": 9443
    },
    "percentage": {
        "ACTIVE": 99.88351159589114,
        "INACTIVE": 0.12453300124533001,
        "INVALID": 0,
        "MALICIOUS": 0,
        "SANE": 0,
        "VALID": 0,
        "total": 100.00804459713646
    }
}