{
    "counter": {
        "ACTIVE": 147762,
        "INACTIVE": 69,
        "INVALID": 0,
        "MALICIOUS": 0,
        "SANE": 0,
        "VALID": 0,
        "total": 147831
    },
    "percentage": {
        "ACTIVE": 99.95332508066643,
        "INACTIVE": 0.9763690391962643,
        "INVALID": 0,
        "MALICIOUS": 0,
        "SANE": 0,
        "VALID": 0,
        "total": 100.9296941198627
    }
}