{
    "counter": {
        "ACTIVE": 141160,
        "INACTIVE": 69,
        "INVALID": 0,
        "MALICIOUS": 0,
        "SANE": 0,
        "VALID": 0,
        "total": 141229
    },
    "percentage": {
        "ACTIVE": 99.95114317880889,
        "INACTIVE": 0.9763690391962643,
        "INVALID": 0,
        "MALICIOUS": 0,
        "SANE": 0,
        "VALID": 0,
        "total": 100.92751221800516
    }
}