{
    "counter": {
        "ACTIVE": 183283,
        "INACTIVE": 69,
        "INVALID": 0,
        "MALICIOUS": 0,
        "SANE": 0,
        "VALID": 0,
        "total": 183352
    },
    "percentage": {
        "ACTIVE": 99.96236746803962,
        "INACTIVE": 0.9763690391962643,
        "INVALID": 0,
        "MALICIOUS": 0,
        "SANE": 0,
        "VALID": 0,
        "total": 100.93873650723589
    }
}