{
    "counter": {
        "ACTIVE": 158040,
        "INACTIVE": 69,
        "INVALID": 0,
        "MALICIOUS": 0,
        "SANE": 0,
        "VALID": 0,
        "total": 158109
    },
    "percentage": {
        "ACTIVE": 99.95635922053773,
        "INACTIVE": 0.9763690391962643,
        "INVALID": 0,
        "MALICIOUS": 0,
        "SANE": 0,
        "VALID": 0,
        "total": 100.932728259734
    }
}