{
    "counter": {
        "ACTIVE": 9420,
        "INACTIVE": 65,
        "INVALID": 0,
        "MALICIOUS": 0,
        "SANE": 0,
        "VALID": 0,
        "total": 9485
    },
    "percentage": {
        "ACTIVE": 99.31470743278861,
        "INACTIVE": 0.6928898838076964,
        "INVALID": 0,
        "MALICIOUS": 0,
        "SANE": 0,
        "VALID": 0,
        "total": 100.0075973165963
    }
}