{
    "counter": {
        "ACTIVE": 186502,
        "INACTIVE": 69,
        "INVALID": 0,
        "MALICIOUS": 0,
        "SANE": 0,
        "VALID": 0,
        "total": 186571
    },
    "percentage": {
        "ACTIVE": 99.96301676037541,
        "INACTIVE": 0.9763690391962643,
        "INVALID": 0,
        "MALICIOUS": 0,
        "SANE": 0,
        "VALID": 0,
        "total": 100.93938579957168
    }
}