{
    "counter": {
        "ACTIVE": 5556,
        "INACTIVE": 1,
        "INVALID": 0,
        "MALICIOUS": 0,
        "SANE": 0,
        "VALID": 0,
        "total": 5557
    },
    "percentage": {
        "ACTIVE": 99.98200467878351,
        "INACTIVE": 0.022055580061755623,
        "INVALID": 0,
        "MALICIOUS": 0,
        "SANE": 0,
        "VALID": 0,
        "total": 100.00406025884527
    }
}