{
    "counter": {
        "ACTIVE": 142578,
        "INACTIVE": 69,
        "INVALID": 0,
        "MALICIOUS": 0,
        "SANE": 0,
        "VALID": 0,
        "total": 142647
    },
    "percentage": {
        "ACTIVE": 99.95162884603252,
        "INACTIVE": 0.9763690391962643,
        "INVALID": 0,
        "MALICIOUS": 0,
        "SANE": 0,
        "VALID": 0,
        "total": 100.92799788522879
    }
}