{
    "counter": {
        "ACTIVE": 166701,
        "INACTIVE": 69,
        "INVALID": 0,
        "MALICIOUS": 0,
        "SANE": 0,
        "VALID": 0,
        "total": 166770
    },
    "percentage": {
        "ACTIVE": 99.9586256520957,
        "INACTIVE": 0.9763690391962643,
        "INVALID": 0,
        "MALICIOUS": 0,
        "SANE": 0,
        "VALID": 0,
        "total": 100.93499469129198
    }
}