{
    "counter": {
        "ACTIVE": 7906,
        "INACTIVE": 4,
        "INVALID": 0,
        "MALICIOUS": 0,
        "SANE": 0,
        "VALID": 0,
        "total": 7910
    },
    "percentage": {
        "ACTIVE": 99.94943109987358,
        "INACTIVE": 0.053099694676755606,
        "INVALID": 0,
        "MALICIOUS": 0,
        "SANE": 0,
        "VALID": 0,
        "total": 100.00253079455034
    }
}