{
    "counter": {
        "ACTIVE": 160317,
        "INACTIVE": 69,
        "INVALID": 0,
        "MALICIOUS": 0,
        "SANE": 0,
        "VALID": 0,
        "total": 160386
    },
    "percentage": {
        "ACTIVE": 99.95697878867233,
        "INACTIVE": 0.9763690391962643,
        "INVALID": 0,
        "MALICIOUS": 0,
        "SANE": 0,
        "VALID": 0,
        "total": 100.9333478278686
    }
}