{
    "counter": {
        "ACTIVE": 3192,
        "INACTIVE": 178,
        "INVALID": 0,
        "MALICIOUS": 0,
        "SANE": 0,
        "VALID": 0,
        "total": 3370
    },
    "percentage": {
        "ACTIVE": 94.71810089020771,
        "INACTIVE": 5.299196189342066,
        "INVALID": 0,
        "MALICIOUS": 0,
        "SANE": 0,
        "VALID": 0,
        "total": 100.01729707954978
    }
}