{
    "counter": {
        "ACTIVE": 181103,
        "INACTIVE": 69,
        "INVALID": 0,
        "MALICIOUS": 0,
        "SANE": 0,
        "VALID": 0,
        "total": 181172
    },
    "percentage": {
        "ACTIVE": 99.96191464464708,
        "INACTIVE": 0.9763690391962643,
        "INVALID": 0,
        "MALICIOUS": 0,
        "SANE": 0,
        "VALID": 0,
        "total": 100.93828368384335
    }
}