{
    "counter": {
        "ACTIVE": 164026,
        "INACTIVE": 69,
        "INVALID": 0,
        "MALICIOUS": 0,
        "SANE": 0,
        "VALID": 0,
        "total": 164095
    },
    "percentage": {
        "ACTIVE": 99.95795118681252,
        "INACTIVE": 0.9763690391962643,
        "INVALID": 0,
        "MALICIOUS": 0,
        "SANE": 0,
        "VALID": 0,
        "total": 100.9343202260088
    }
}