{
    "counter": {
        "ACTIVE": 90849,
        "INACTIVE": 69,
        "INVALID": 0,
        "MALICIOUS": 0,
        "SANE": 0,
        "VALID": 0,
        "total": 90918
    },
    "percentage": {
        "ACTIVE": 99.92410743747112,
        "INACTIVE": 0.9763690391962643,
        "INVALID": 0,
        "MALICIOUS": 0,
        "SANE": 0,
        "VALID": 0,
        "total": 100.9004764766674
    }
}