{
    "counter": {
        "ACTIVE": 9417,
        "INACTIVE": 65,
        "INVALID": 0,
        "MALICIOUS": 0,
        "SANE": 0,
        "VALID": 0,
        "total": 9482
    },
    "percentage": {
        "ACTIVE": 99.31449061379456,
        "INACTIVE": 0.6928898838076964,
        "INVALID": 0,
        "MALICIOUS": 0,
        "SANE": 0,
        "VALID": 0,
        "total": 100.00738049760226
    }
}