{
    "counter": {
        "ACTIVE": 187480,
        "INACTIVE": 69,
        "INVALID": 0,
        "MALICIOUS": 0,
        "SANE": 0,
        "VALID": 0,
        "total": 187549
    },
    "percentage": {
        "ACTIVE": 99.96320961455406,
        "INACTIVE": 0.9763690391962643,
        "INVALID": 0,
        "MALICIOUS": 0,
        "SANE": 0,
        "VALID": 0,
        "total": 100.93957865375033
    }
}