{
    "counter": {
        "ACTIVE": 129147,
        "INACTIVE": 69,
        "INVALID": 0,
        "MALICIOUS": 0,
        "SANE": 0,
        "VALID": 0,
        "total": 129216
    },
    "percentage": {
        "ACTIVE": 99.94660104011886,
        "INACTIVE": 0.9763690391962643,
        "INVALID": 0,
        "MALICIOUS": 0,
        "SANE": 0,
        "VALID": 0,
        "total": 100.92297007931514
    }
}