{
    "counter": {
        "ACTIVE": 138479,
        "INACTIVE": 69,
        "INVALID": 0,
        "MALICIOUS": 0,
        "SANE": 0,
        "VALID": 0,
        "total": 138548
    },
    "percentage": {
        "ACTIVE": 99.95019776539539,
        "INACTIVE": 0.9763690391962643,
        "INVALID": 0,
        "MALICIOUS": 0,
        "SANE": 0,
        "VALID": 0,
        "total": 100.92656680459166
    }
}