{
    "counter": {
        "ACTIVE": 45809,
        "INACTIVE": 69,
        "INVALID": 0,
        "MALICIOUS": 0,
        "SANE": 0,
        "VALID": 0,
        "total": 45878
    },
    "percentage": {
        "ACTIVE": 99.84960111600331,
        "INACTIVE": 0.9763690391962643,
        "INVALID": 0,
        "MALICIOUS": 0,
        "SANE": 0,
        "VALID": 0,
        "total": 100.82597015519958
    }
}