{
    "counter": {
        "ACTIVE": 174807,
        "INACTIVE": 69,
        "INVALID": 0,
        "MALICIOUS": 0,
        "SANE": 0,
        "VALID": 0,
        "total": 174876
    },
    "percentage": {
        "ACTIVE": 99.96054347080216,
        "INACTIVE": 0.9763690391962643,
        "INVALID": 0,
        "MALICIOUS": 0,
        "SANE": 0,
        "VALID": 0,
        "total": 100.93691250999844
    }
}