{
    "counter": {
        "ACTIVE": 150274,
        "INACTIVE": 69,
        "INVALID": 0,
        "MALICIOUS": 0,
        "SANE": 0,
        "VALID": 0,
        "total": 150343
    },
    "percentage": {
        "ACTIVE": 99.95410494668857,
        "INACTIVE": 0.9763690391962643,
        "INVALID": 0,
        "MALICIOUS": 0,
        "SANE": 0,
        "VALID": 0,
        "total": 100.93047398588484
    }
}