{
    "counter": {
        "ACTIVE": 238,
        "INACTIVE": 14,
        "INVALID": 0,
        "MALICIOUS": 0,
        "SANE": 0,
        "VALID": 0,
        "total": 252
    },
    "percentage": {
        "ACTIVE": 94.44444444444444,
        "INACTIVE": 5.622489959839357,
        "INVALID": 0,
        "MALICIOUS": 0,
        "SANE": 0,
        "VALID": 0,
        "total": 100.0669344042838
    }
}