{
    "counter": {
        "ACTIVE": 146612,
        "INACTIVE": 69,
        "INVALID": 0,
        "MALICIOUS": 0,
        "SANE": 0,
        "VALID": 0,
        "total": 146681
    },
    "percentage": {
        "ACTIVE": 99.95295914262924,
        "INACTIVE": 0.9763690391962643,
        "INVALID": 0,
        "MALICIOUS": 0,
        "SANE": 0,
        "VALID": 0,
        "total": 100.92932818182551
    }
}