{
    "counter": {
        "ACTIVE": 1957,
        "INACTIVE": 1170,
        "INVALID": 1,
        "MALICIOUS": 0,
        "SANE": 0,
        "VALID": 0,
        "total": 3128
    },
    "percentage": {
        "ACTIVE": 63.047680412371136,
        "INACTIVE": 37.40409207161125,
        "INVALID": 0.03645643456069996,
        "MALICIOUS": 0,
        "SANE": 0,
        "VALID": 0,
        "total": 100.48822891854309
    }
}