{
    "counter": {
        "ACTIVE": 3385,
        "INACTIVE": 1,
        "INVALID": 0,
        "MALICIOUS": 0,
        "SANE": 0,
        "VALID": 0,
        "total": 3386
    },
    "percentage": {
        "ACTIVE": 99.97046662728884,
        "INACTIVE": 0.05564830272676683,
        "INVALID": 0,
        "MALICIOUS": 0,
        "SANE": 0,
        "VALID": 0,
        "total": 100.02611493001561
    }
}