{
    "counter": {
        "ACTIVE": 141973,
        "INACTIVE": 69,
        "INVALID": 0,
        "MALICIOUS": 0,
        "SANE": 0,
        "VALID": 0,
        "total": 142042
    },
    "percentage": {
        "ACTIVE": 99.95142281860295,
        "INACTIVE": 0.9763690391962643,
        "INVALID": 0,
        "MALICIOUS": 0,
        "SANE": 0,
        "VALID": 0,
        "total": 100.92779185779922
    }
}