{
    "counter": {
        "ACTIVE": 721,
        "INACTIVE": 2,
        "INVALID": 0,
        "MALICIOUS": 0,
        "SANE": 0,
        "VALID": 0,
        "total": 723
    },
    "percentage": {
        "ACTIVE": 99.72337482710927,
        "INACTIVE": 0.34782608695652173,
        "INVALID": 0,
        "MALICIOUS": 0,
        "SANE": 0,
        "VALID": 0,
        "total": 100.07120091406578
    }
}