{
    "counter": {
        "ACTIVE": 1105,
        "INACTIVE": 439,
        "INVALID": 0,
        "MALICIOUS": 0,
        "SANE": 0,
        "VALID": 0,
        "total": 1544
    },
    "percentage": {
        "ACTIVE": 71.66018158236056,
        "INACTIVE": 28.432642487046632,
        "INVALID": 0,
        "MALICIOUS": 0,
        "SANE": 0,
        "VALID": 0,
        "total": 100.0928240694072
    }
}