{
    "counter": {
        "ACTIVE": 182167,
        "INACTIVE": 69,
        "INVALID": 0,
        "MALICIOUS": 0,
        "SANE": 0,
        "VALID": 0,
        "total": 182236
    },
    "percentage": {
        "ACTIVE": 99.96213700915297,
        "INACTIVE": 0.9763690391962643,
        "INVALID": 0,
        "MALICIOUS": 0,
        "SANE": 0,
        "VALID": 0,
        "total": 100.93850604834924
    }
}