{
    "counter": {
        "ACTIVE": 8676,
        "INACTIVE": 2,
        "INVALID": 0,
        "MALICIOUS": 0,
        "SANE": 0,
        "VALID": 0,
        "total": 8678
    },
    "percentage": {
        "ACTIVE": 99.9769532150265,
        "INACTIVE": 0.02535175560907593,
        "INVALID": 0,
        "MALICIOUS": 0,
        "SANE": 0,
        "VALID": 0,
        "total": 100.00230497063558
    }
}