{
    "counter": {
        "ACTIVE": 9424,
        "INACTIVE": 1,
        "INVALID": 0,
        "MALICIOUS": 0,
        "SANE": 0,
        "VALID": 0,
        "total": 9425
    },
    "percentage": {
        "ACTIVE": 99.9893899204244,
        "INACTIVE": 0.022119000221190004,
        "INVALID": 0,
        "MALICIOUS": 0,
        "SANE": 0,
        "VALID": 0,
        "total": 100.0115089206456
    }
}