{
    "counter": {
        "ACTIVE": 82738,
        "INACTIVE": 69,
        "INVALID": 0,
        "MALICIOUS": 0,
        "SANE": 0,
        "VALID": 0,
        "total": 82807
    },
    "percentage": {
        "ACTIVE": 99.91667371115969,
        "INACTIVE": 0.9763690391962643,
        "INVALID": 0,
        "MALICIOUS": 0,
        "SANE": 0,
        "VALID": 0,
        "total": 100.89304275035596
    }
}