{
    "counter": {
        "ACTIVE": 163561,
        "INACTIVE": 69,
        "INVALID": 0,
        "MALICIOUS": 0,
        "SANE": 0,
        "VALID": 0,
        "total": 163630
    },
    "percentage": {
        "ACTIVE": 99.95783169345475,
        "INACTIVE": 0.9763690391962643,
        "INVALID": 0,
        "MALICIOUS": 0,
        "SANE": 0,
        "VALID": 0,
        "total": 100.93420073265102
    }
}