{
    "counter": {
        "ACTIVE": 9326,
        "INACTIVE": 699,
        "INVALID": 0,
        "MALICIOUS": 0,
        "SANE": 0,
        "VALID": 0,
        "total": 10025
    },
    "percentage": {
        "ACTIVE": 93.02743142144638,
        "INACTIVE": 6.981622053535757,
        "INVALID": 0,
        "MALICIOUS": 0,
        "SANE": 0,
        "VALID": 0,
        "total": 100.00905347498214
    }
}