{
    "counter": {
        "ACTIVE": 183191,
        "INACTIVE": 69,
        "INVALID": 0,
        "MALICIOUS": 0,
        "SANE": 0,
        "VALID": 0,
        "total": 183260
    },
    "percentage": {
        "ACTIVE": 99.96234857579395,
        "INACTIVE": 0.9763690391962643,
        "INVALID": 0,
        "MALICIOUS": 0,
        "SANE": 0,
        "VALID": 0,
        "total": 100.93871761499022
    }
}