{
    "counter": {
        "ACTIVE": 169570,
        "INACTIVE": 69,
        "INVALID": 0,
        "MALICIOUS": 0,
        "SANE": 0,
        "VALID": 0,
        "total": 169639
    },
    "percentage": {
        "ACTIVE": 99.95932539097731,
        "INACTIVE": 0.9763690391962643,
        "INVALID": 0,
        "MALICIOUS": 0,
        "SANE": 0,
        "VALID": 0,
        "total": 100.93569443017358
    }
}