{
    "counter": {
        "ACTIVE": 166945,
        "INACTIVE": 69,
        "INVALID": 0,
        "MALICIOUS": 0,
        "SANE": 0,
        "VALID": 0,
        "total": 167014
    },
    "percentage": {
        "ACTIVE": 99.95868609817141,
        "INACTIVE": 0.9763690391962643,
        "INVALID": 0,
        "MALICIOUS": 0,
        "SANE": 0,
        "VALID": 0,
        "total": 100.93505513736768
    }
}