{
    "counter": {
        "ACTIVE": 179997,
        "INACTIVE": 69,
        "INVALID": 0,
        "MALICIOUS": 0,
        "SANE": 0,
        "VALID": 0,
        "total": 180066
    },
    "percentage": {
        "ACTIVE": 99.96168071707041,
        "INACTIVE": 0.9763690391962643,
        "INVALID": 0,
        "MALICIOUS": 0,
        "SANE": 0,
        "VALID": 0,
        "total": 100.93804975626668
    }
}