{
    "counter": {
        "ACTIVE": 131134,
        "INACTIVE": 69,
        "INVALID": 0,
        "MALICIOUS": 0,
        "SANE": 0,
        "VALID": 0,
        "total": 131203
    },
    "percentage": {
        "ACTIVE": 99.94740973910658,
        "INACTIVE": 0.9763690391962643,
        "INVALID": 0,
        "MALICIOUS": 0,
        "SANE": 0,
        "VALID": 0,
        "total": 100.92377877830285
    }
}