{
    "counter": {
        "ACTIVE": 127126,
        "INACTIVE": 69,
        "INVALID": 0,
        "MALICIOUS": 0,
        "SANE": 0,
        "VALID": 0,
        "total": 127195
    },
    "percentage": {
        "ACTIVE": 99.94575258461417,
        "INACTIVE": 0.9763690391962643,
        "INVALID": 0,
        "MALICIOUS": 0,
        "SANE": 0,
        "VALID": 0,
        "total": 100.92212162381044
    }
}