{
    "counter": {
        "ACTIVE": 136436,
        "INACTIVE": 69,
        "INVALID": 0,
        "MALICIOUS": 0,
        "SANE": 0,
        "VALID": 0,
        "total": 136505
    },
    "percentage": {
        "ACTIVE": 99.94945240101096,
        "INACTIVE": 0.9763690391962643,
        "INVALID": 0,
        "MALICIOUS": 0,
        "SANE": 0,
        "VALID": 0,
        "total": 100.92582144020723
    }
}