{
    "counter": {
        "ACTIVE": 180867,
        "INACTIVE": 69,
        "INVALID": 0,
        "MALICIOUS": 0,
        "SANE": 0,
        "VALID": 0,
        "total": 180936
    },
    "percentage": {
        "ACTIVE": 99.96186496882876,
        "INACTIVE": 0.9763690391962643,
        "INVALID": 0,
        "MALICIOUS": 0,
        "SANE": 0,
        "VALID": 0,
        "total": 100.93823400802503
    }
}