{
    "counter": {
        "ACTIVE": 179239,
        "INACTIVE": 69,
        "INVALID": 0,
        "MALICIOUS": 0,
        "SANE": 0,
        "VALID": 0,
        "total": 179308
    },
    "percentage": {
        "ACTIVE": 99.96151872755259,
        "INACTIVE": 0.9763690391962643,
        "INVALID": 0,
        "MALICIOUS": 0,
        "SANE": 0,
        "VALID": 0,
        "total": 100.93788776674886
    }
}