{
    "counter": {
        "ACTIVE": 144938,
        "INACTIVE": 69,
        "INVALID": 0,
        "MALICIOUS": 0,
        "SANE": 0,
        "VALID": 0,
        "total": 145007
    },
    "percentage": {
        "ACTIVE": 99.95241609025771,
        "INACTIVE": 0.9763690391962643,
        "INVALID": 0,
        "MALICIOUS": 0,
        "SANE": 0,
        "VALID": 0,
        "total": 100.92878512945398
    }
}