{
    "counter": {
        "ACTIVE": 109784,
        "INACTIVE": 69,
        "INVALID": 0,
        "MALICIOUS": 0,
        "SANE": 0,
        "VALID": 0,
        "total": 109853
    },
    "percentage": {
        "ACTIVE": 99.93718878865393,
        "INACTIVE": 0.9763690391962643,
        "INVALID": 0,
        "MALICIOUS": 0,
        "SANE": 0,
        "VALID": 0,
        "total": 100.9135578278502
    }
}