{
    "counter": {
        "ACTIVE": 170258,
        "INACTIVE": 69,
        "INVALID": 0,
        "MALICIOUS": 0,
        "SANE": 0,
        "VALID": 0,
        "total": 170327
    },
    "percentage": {
        "ACTIVE": 99.95948968748348,
        "INACTIVE": 0.9763690391962643,
        "INVALID": 0,
        "MALICIOUS": 0,
        "SANE": 0,
        "VALID": 0,
        "total": 100.93585872667975
    }
}