{
    "counter": {
        "ACTIVE": 9558,
        "INACTIVE": 7,
        "INVALID": 0,
        "MALICIOUS": 0,
        "SANE": 0,
        "VALID": 0,
        "total": 9565
    },
    "percentage": {
        "ACTIVE": 99.92681651855725,
        "INACTIVE": 0.09109838625715773,
        "INVALID": 0,
        "MALICIOUS": 0,
        "SANE": 0,
        "VALID": 0,
        "total": 100.0179149048144
    }
}