{
    "counter": {
        "ACTIVE": 183678,
        "INACTIVE": 69,
        "INVALID": 0,
        "MALICIOUS": 0,
        "SANE": 0,
        "VALID": 0,
        "total": 183747
    },
    "percentage": {
        "ACTIVE": 99.96244836650395,
        "INACTIVE": 0.9763690391962643,
        "INVALID": 0,
        "MALICIOUS": 0,
        "SANE": 0,
        "VALID": 0,
        "total": 100.93881740570022
    }
}