{
    "counter": {
        "ACTIVE": 62415,
        "INACTIVE": 69,
        "INVALID": 0,
        "MALICIOUS": 0,
        "SANE": 0,
        "VALID": 0,
        "total": 62484
    },
    "percentage": {
        "ACTIVE": 99.88957173036297,
        "INACTIVE": 0.9763690391962643,
        "INVALID": 0,
        "MALICIOUS": 0,
        "SANE": 0,
        "VALID": 0,
        "total": 100.86594076955924
    }
}