{
    "counter": {
        "ACTIVE": 172548,
        "INACTIVE": 69,
        "INVALID": 0,
        "MALICIOUS": 0,
        "SANE": 0,
        "VALID": 0,
        "total": 172617
    },
    "percentage": {
        "ACTIVE": 99.96002711204574,
        "INACTIVE": 0.9763690391962643,
        "INVALID": 0,
        "MALICIOUS": 0,
        "SANE": 0,
        "VALID": 0,
        "total": 100.93639615124201
    }
}