{
    "counter": {
        "ACTIVE": 183643,
        "INACTIVE": 69,
        "INVALID": 0,
        "MALICIOUS": 0,
        "SANE": 0,
        "VALID": 0,
        "total": 183712
    },
    "percentage": {
        "ACTIVE": 99.96244121233235,
        "INACTIVE": 0.9763690391962643,
        "INVALID": 0,
        "MALICIOUS": 0,
        "SANE": 0,
        "VALID": 0,
        "total": 100.93881025152862
    }
}