{
    "counter": {
        "ACTIVE": 172837,
        "INACTIVE": 69,
        "INVALID": 0,
        "MALICIOUS": 0,
        "SANE": 0,
        "VALID": 0,
        "total": 172906
    },
    "percentage": {
        "ACTIVE": 99.96009392386615,
        "INACTIVE": 0.9763690391962643,
        "INVALID": 0,
        "MALICIOUS": 0,
        "SANE": 0,
        "VALID": 0,
        "total": 100.93646296306243
    }
}