{
    "counter": {
        "ACTIVE": 142263,
        "INACTIVE": 69,
        "INVALID": 0,
        "MALICIOUS": 0,
        "SANE": 0,
        "VALID": 0,
        "total": 142332
    },
    "percentage": {
        "ACTIVE": 99.95152179411517,
        "INACTIVE": 0.9763690391962643,
        "INVALID": 0,
        "MALICIOUS": 0,
        "SANE": 0,
        "VALID": 0,
        "total": 100.92789083331144
    }
}