{
    "counter": {
        "ACTIVE": 133751,
        "INACTIVE": 69,
        "INVALID": 0,
        "MALICIOUS": 0,
        "SANE": 0,
        "VALID": 0,
        "total": 133820
    },
    "percentage": {
        "ACTIVE": 99.94843820056792,
        "INACTIVE": 0.9763690391962643,
        "INVALID": 0,
        "MALICIOUS": 0,
        "SANE": 0,
        "VALID": 0,
        "total": 100.92480723976419
    }
}