{
    "counter": {
        "ACTIVE": 173751,
        "INACTIVE": 69,
        "INVALID": 0,
        "MALICIOUS": 0,
        "SANE": 0,
        "VALID": 0,
        "total": 173820
    },
    "percentage": {
        "ACTIVE": 99.96030376251295,
        "INACTIVE": 0.9763690391962643,
        "INVALID": 0,
        "MALICIOUS": 0,
        "SANE": 0,
        "VALID": 0,
        "total": 100.93667280170922
    }
}