{
    "counter": {
        "ACTIVE": 126173,
        "INACTIVE": 69,
        "INVALID": 0,
        "MALICIOUS": 0,
        "SANE": 0,
        "VALID": 0,
        "total": 126242
    },
    "percentage": {
        "ACTIVE": 99.94534307124412,
        "INACTIVE": 0.9763690391962643,
        "INVALID": 0,
        "MALICIOUS": 0,
        "SANE": 0,
        "VALID": 0,
        "total": 100.9217121104404
    }
}