{
    "counter": {
        "ACTIVE": 179165,
        "INACTIVE": 69,
        "INVALID": 0,
        "MALICIOUS": 0,
        "SANE": 0,
        "VALID": 0,
        "total": 179234
    },
    "percentage": {
        "ACTIVE": 99.96150283986297,
        "INACTIVE": 0.9763690391962643,
        "INVALID": 0,
        "MALICIOUS": 0,
        "SANE": 0,
        "VALID": 0,
        "total": 100.93787187905924
    }
}