{
    "counter": {
        "ACTIVE": 145584,
        "INACTIVE": 69,
        "INVALID": 0,
        "MALICIOUS": 0,
        "SANE": 0,
        "VALID": 0,
        "total": 145653
    },
    "percentage": {
        "ACTIVE": 99.95262713435356,
        "INACTIVE": 0.9763690391962643,
        "INVALID": 0,
        "MALICIOUS": 0,
        "SANE": 0,
        "VALID": 0,
        "total": 100.92899617354983
    }
}