{
    "counter": {
        "ACTIVE": 120941,
        "INACTIVE": 69,
        "INVALID": 0,
        "MALICIOUS": 0,
        "SANE": 0,
        "VALID": 0,
        "total": 121010
    },
    "percentage": {
        "ACTIVE": 99.94297991901496,
        "INACTIVE": 0.9763690391962643,
        "INVALID": 0,
        "MALICIOUS": 0,
        "SANE": 0,
        "VALID": 0,
        "total": 100.91934895821123
    }
}