{
    "counter": {
        "ACTIVE": 158316,
        "INACTIVE": 69,
        "INVALID": 0,
        "MALICIOUS": 0,
        "SANE": 0,
        "VALID": 0,
        "total": 158385
    },
    "percentage": {
        "ACTIVE": 99.95643526849133,
        "INACTIVE": 0.9763690391962643,
        "INVALID": 0,
        "MALICIOUS": 0,
        "SANE": 0,
        "VALID": 0,
        "total": 100.9328043076876
    }
}