{
    "counter": {
        "ACTIVE": 189773,
        "INACTIVE": 69,
        "INVALID": 0,
        "MALICIOUS": 0,
        "SANE": 0,
        "VALID": 0,
        "total": 189842
    },
    "percentage": {
        "ACTIVE": 99.96365398594621,
        "INACTIVE": 0.9763690391962643,
        "INVALID": 0,
        "MALICIOUS": 0,
        "SANE": 0,
        "VALID": 0,
        "total": 100.94002302514248
    }
}