{
    "counter": {
        "ACTIVE": 180387,
        "INACTIVE": 69,
        "INVALID": 0,
        "MALICIOUS": 0,
        "SANE": 0,
        "VALID": 0,
        "total": 180456
    },
    "percentage": {
        "ACTIVE": 99.96176353238462,
        "INACTIVE": 0.9763690391962643,
        "INVALID": 0,
        "MALICIOUS": 0,
        "SANE": 0,
        "VALID": 0,
        "total": 100.9381325715809
    }
}