{
    "counter": {
        "ACTIVE": 9431,
        "INACTIVE": 2,
        "INVALID": 0,
        "MALICIOUS": 0,
        "SANE": 0,
        "VALID": 0,
        "total": 9433
    },
    "percentage": {
        "ACTIVE": 99.97879783737942,
        "INACTIVE": 0.02535175560907593,
        "INVALID": 0,
        "MALICIOUS": 0,
        "SANE": 0,
        "VALID": 0,
        "total": 100.0041495929885
    }
}