{
    "counter": {
        "ACTIVE": 161752,
        "INACTIVE": 69,
        "INVALID": 0,
        "MALICIOUS": 0,
        "SANE": 0,
        "VALID": 0,
        "total": 161821
    },
    "percentage": {
        "ACTIVE": 99.95736029316343,
        "INACTIVE": 0.9763690391962643,
        "INVALID": 0,
        "MALICIOUS": 0,
        "SANE": 0,
        "VALID": 0,
        "total": 100.9337293323597
    }
}