{
    "counter": {
        "ACTIVE": 190572,
        "INACTIVE": 69,
        "INVALID": 0,
        "MALICIOUS": 0,
        "SANE": 0,
        "VALID": 0,
        "total": 190641
    },
    "percentage": {
        "ACTIVE": 99.96380631658458,
        "INACTIVE": 0.9763690391962643,
        "INVALID": 0,
        "MALICIOUS": 0,
        "SANE": 0,
        "VALID": 0,
        "total": 100.94017535578085
    }
}