{
    "counter": {
        "ACTIVE": 188631,
        "INACTIVE": 69,
        "INVALID": 0,
        "MALICIOUS": 0,
        "SANE": 0,
        "VALID": 0,
        "total": 188700
    },
    "percentage": {
        "ACTIVE": 99.96343402225754,
        "INACTIVE": 0.9763690391962643,
        "INVALID": 0,
        "MALICIOUS": 0,
        "SANE": 0,
        "VALID": 0,
        "total": 100.93980306145382
    }
}