{
    "counter": {
        "ACTIVE": 137930,
        "INACTIVE": 69,
        "INVALID": 0,
        "MALICIOUS": 0,
        "SANE": 0,
        "VALID": 0,
        "total": 137999
    },
    "percentage": {
        "ACTIVE": 99.94999963767853,
        "INACTIVE": 0.9763690391962643,
        "INVALID": 0,
        "MALICIOUS": 0,
        "SANE": 0,
        "VALID": 0,
        "total": 100.9263686768748
    }
}