{
    "counter": {
        "ACTIVE": 96260,
        "INACTIVE": 69,
        "INVALID": 0,
        "MALICIOUS": 0,
        "SANE": 0,
        "VALID": 0,
        "total": 96329
    },
    "percentage": {
        "ACTIVE": 99.92837048033303,
        "INACTIVE": 0.9763690391962643,
        "INVALID": 0,
        "MALICIOUS": 0,
        "SANE": 0,
        "VALID": 0,
        "total": 100.9047395195293
    }
}