{
    "counter": {
        "ACTIVE": 123031,
        "INACTIVE": 69,
        "INVALID": 0,
        "MALICIOUS": 0,
        "SANE": 0,
        "VALID": 0,
        "total": 123100
    },
    "percentage": {
        "ACTIVE": 99.94394800974817,
        "INACTIVE": 0.9763690391962643,
        "INVALID": 0,
        "MALICIOUS": 0,
        "SANE": 0,
        "VALID": 0,
        "total": 100.92031704894444
    }
}