{
    "counter": {
        "ACTIVE": 6033,
        "INACTIVE": 46,
        "INVALID": 0,
        "MALICIOUS": 0,
        "SANE": 0,
        "VALID": 0,
        "total": 6079
    },
    "percentage": {
        "ACTIVE": 99.24329659483467,
        "INACTIVE": 0.7574510126790713,
        "INVALID": 0,
        "MALICIOUS": 0,
        "SANE": 0,
        "VALID": 0,
        "total": 100.00074760751374
    }
}