{
    "counter": {
        "ACTIVE": 172310,
        "INACTIVE": 69,
        "INVALID": 0,
        "MALICIOUS": 0,
        "SANE": 0,
        "VALID": 0,
        "total": 172379
    },
    "percentage": {
        "ACTIVE": 99.95997192233392,
        "INACTIVE": 0.9763690391962643,
        "INVALID": 0,
        "MALICIOUS": 0,
        "SANE": 0,
        "VALID": 0,
        "total": 100.93634096153019
    }
}