{
    "counter": {
        "ACTIVE": 2742,
        "INACTIVE": 1483,
        "INVALID": 1,
        "MALICIOUS": 0,
        "SANE": 0,
        "VALID": 0,
        "total": 4226
    },
    "percentage": {
        "ACTIVE": 64.88405111216281,
        "INACTIVE": 35.12553292278541,
        "INVALID": 0.03645643456069996,
        "MALICIOUS": 0,
        "SANE": 0,
        "VALID": 0,
        "total": 100.04604046950892
    }
}