{
    "counter": {
        "ACTIVE": 156355,
        "INACTIVE": 69,
        "INVALID": 0,
        "MALICIOUS": 0,
        "SANE": 0,
        "VALID": 0,
        "total": 156424
    },
    "percentage": {
        "ACTIVE": 99.95588912187388,
        "INACTIVE": 0.9763690391962643,
        "INVALID": 0,
        "MALICIOUS": 0,
        "SANE": 0,
        "VALID": 0,
        "total": 100.93225816107015
    }
}