{
    "counter": {
        "ACTIVE": 132516,
        "INACTIVE": 69,
        "INVALID": 0,
        "MALICIOUS": 0,
        "SANE": 0,
        "VALID": 0,
        "total": 132585
    },
    "percentage": {
        "ACTIVE": 99.94795791379116,
        "INACTIVE": 0.9763690391962643,
        "INVALID": 0,
        "MALICIOUS": 0,
        "SANE": 0,
        "VALID": 0,
        "total": 100.92432695298743
    }
}