{
    "counter": {
        "ACTIVE": 139093,
        "INACTIVE": 69,
        "INVALID": 0,
        "MALICIOUS": 0,
        "SANE": 0,
        "VALID": 0,
        "total": 139162
    },
    "percentage": {
        "ACTIVE": 99.95041749902991,
        "INACTIVE": 0.9763690391962643,
        "INVALID": 0,
        "MALICIOUS": 0,
        "SANE": 0,
        "VALID": 0,
        "total": 100.92678653822618
    }
}