{
    "counter": {
        "ACTIVE": 180960,
        "INACTIVE": 69,
        "INVALID": 0,
        "MALICIOUS": 0,
        "SANE": 0,
        "VALID": 0,
        "total": 181029
    },
    "percentage": {
        "ACTIVE": 99.96188455993239,
        "INACTIVE": 0.9763690391962643,
        "INVALID": 0,
        "MALICIOUS": 0,
        "SANE": 0,
        "VALID": 0,
        "total": 100.93825359912866
    }
}