{
    "counter": {
        "ACTIVE": 178344,
        "INACTIVE": 69,
        "INVALID": 0,
        "MALICIOUS": 0,
        "SANE": 0,
        "VALID": 0,
        "total": 178413
    },
    "percentage": {
        "ACTIVE": 99.96132568815052,
        "INACTIVE": 0.9763690391962643,
        "INVALID": 0,
        "MALICIOUS": 0,
        "SANE": 0,
        "VALID": 0,
        "total": 100.9376947273468
    }
}