{
    "counter": {
        "ACTIVE": 188583,
        "INACTIVE": 69,
        "INVALID": 0,
        "MALICIOUS": 0,
        "SANE": 0,
        "VALID": 0,
        "total": 188652
    },
    "percentage": {
        "ACTIVE": 99.96342471852935,
        "INACTIVE": 0.9763690391962643,
        "INVALID": 0,
        "MALICIOUS": 0,
        "SANE": 0,
        "VALID": 0,
        "total": 100.93979375772562
    }
}