{
    "counter": {
        "ACTIVE": 185226,
        "INACTIVE": 69,
        "INVALID": 0,
        "MALICIOUS": 0,
        "SANE": 0,
        "VALID": 0,
        "total": 185295
    },
    "percentage": {
        "ACTIVE": 99.96276208208532,
        "INACTIVE": 0.9763690391962643,
        "INVALID": 0,
        "MALICIOUS": 0,
        "SANE": 0,
        "VALID": 0,
        "total": 100.93913112128159
    }
}