{
    "counter": {
        "ACTIVE": 127726,
        "INACTIVE": 69,
        "INVALID": 0,
        "MALICIOUS": 0,
        "SANE": 0,
        "VALID": 0,
        "total": 127795
    },
    "percentage": {
        "ACTIVE": 99.94600727728002,
        "INACTIVE": 0.9763690391962643,
        "INVALID": 0,
        "MALICIOUS": 0,
        "SANE": 0,
        "VALID": 0,
        "total": 100.92237631647629
    }
}