{
    "counter": {
        "ACTIVE": 129442,
        "INACTIVE": 69,
        "INVALID": 0,
        "MALICIOUS": 0,
        "SANE": 0,
        "VALID": 0,
        "total": 129511
    },
    "percentage": {
        "ACTIVE": 99.94672267220545,
        "INACTIVE": 0.9763690391962643,
        "INVALID": 0,
        "MALICIOUS": 0,
        "SANE": 0,
        "VALID": 0,
        "total": 100.92309171140172
    }
}