{
    "counter": {
        "ACTIVE": 99416,
        "INACTIVE": 69,
        "INVALID": 0,
        "MALICIOUS": 0,
        "SANE": 0,
        "VALID": 0,
        "total": 99485
    },
    "percentage": {
        "ACTIVE": 99.93064281047394,
        "INACTIVE": 0.9763690391962643,
        "INVALID": 0,
        "MALICIOUS": 0,
        "SANE": 0,
        "VALID": 0,
        "total": 100.90701184967021
    }
}