{
    "counter": {
        "ACTIVE": 173028,
        "INACTIVE": 69,
        "INVALID": 0,
        "MALICIOUS": 0,
        "SANE": 0,
        "VALID": 0,
        "total": 173097
    },
    "percentage": {
        "ACTIVE": 99.96013795733029,
        "INACTIVE": 0.9763690391962643,
        "INVALID": 0,
        "MALICIOUS": 0,
        "SANE": 0,
        "VALID": 0,
        "total": 100.93650699652656
    }
}