{
    "counter": {
        "ACTIVE": 170992,
        "INACTIVE": 69,
        "INVALID": 0,
        "MALICIOUS": 0,
        "SANE": 0,
        "VALID": 0,
        "total": 171061
    },
    "percentage": {
        "ACTIVE": 99.95966351184666,
        "INACTIVE": 0.9763690391962643,
        "INVALID": 0,
        "MALICIOUS": 0,
        "SANE": 0,
        "VALID": 0,
        "total": 100.93603255104293
    }
}