{
    "counter": {
        "ACTIVE": 6252,
        "INACTIVE": 3,
        "INVALID": 0,
        "MALICIOUS": 0,
        "SANE": 0,
        "VALID": 0,
        "total": 6255
    },
    "percentage": {
        "ACTIVE": 99.95203836930456,
        "INACTIVE": 0.056179775280898875,
        "INVALID": 0,
        "MALICIOUS": 0,
        "SANE": 0,
        "VALID": 0,
        "total": 100.00821814458546
    }
}