{
    "counter": {
        "ACTIVE": 83366,
        "INACTIVE": 69,
        "INVALID": 0,
        "MALICIOUS": 0,
        "SANE": 0,
        "VALID": 0,
        "total": 83435
    },
    "percentage": {
        "ACTIVE": 99.91730089291065,
        "INACTIVE": 0.9763690391962643,
        "INVALID": 0,
        "MALICIOUS": 0,
        "SANE": 0,
        "VALID": 0,
        "total": 100.89366993210692
    }
}