{
    "counter": {
        "ACTIVE": 111906,
        "INACTIVE": 69,
        "INVALID": 0,
        "MALICIOUS": 0,
        "SANE": 0,
        "VALID": 0,
        "total": 111975
    },
    "percentage": {
        "ACTIVE": 99.93837910247824,
        "INACTIVE": 0.9763690391962643,
        "INVALID": 0,
        "MALICIOUS": 0,
        "SANE": 0,
        "VALID": 0,
        "total": 100.91474814167451
    }
}