{
    "counter": {
        "ACTIVE": 3728,
        "INACTIVE": 2184,
        "INVALID": 1,
        "MALICIOUS": 0,
        "SANE": 0,
        "VALID": 0,
        "total": 5913
    },
    "percentage": {
        "ACTIVE": 63.047522408253,
        "INACTIVE": 36.94181326116374,
        "INVALID": 0.03645643456069996,
        "MALICIOUS": 0,
        "SANE": 0,
        "VALID": 0,
        "total": 100.02579210397744
    }
}