{
    "counter": {
        "ACTIVE": 167145,
        "INACTIVE": 69,
        "INVALID": 0,
        "MALICIOUS": 0,
        "SANE": 0,
        "VALID": 0,
        "total": 167214
    },
    "percentage": {
        "ACTIVE": 99.9587355125767,
        "INACTIVE": 0.9763690391962643,
        "INVALID": 0,
        "MALICIOUS": 0,
        "SANE": 0,
        "VALID": 0,
        "total": 100.93510455177297
    }
}