{
    "counter": {
        "ACTIVE": 140621,
        "INACTIVE": 69,
        "INVALID": 0,
        "MALICIOUS": 0,
        "SANE": 0,
        "VALID": 0,
        "total": 140690
    },
    "percentage": {
        "ACTIVE": 99.95095600255881,
        "INACTIVE": 0.9763690391962643,
        "INVALID": 0,
        "MALICIOUS": 0,
        "SANE": 0,
        "VALID": 0,
        "total": 100.92732504175508
    }
}