{
    "counter": {
        "ACTIVE": 185573,
        "INACTIVE": 69,
        "INVALID": 0,
        "MALICIOUS": 0,
        "SANE": 0,
        "VALID": 0,
        "total": 185642
    },
    "percentage": {
        "ACTIVE": 99.96283168679501,
        "INACTIVE": 0.9763690391962643,
        "INVALID": 0,
        "MALICIOUS": 0,
        "SANE": 0,
        "VALID": 0,
        "total": 100.93920072599128
    }
}