{
    "counter": {
        "ACTIVE": 184715,
        "INACTIVE": 69,
        "INVALID": 0,
        "MALICIOUS": 0,
        "SANE": 0,
        "VALID": 0,
        "total": 184784
    },
    "percentage": {
        "ACTIVE": 99.96265910468439,
        "INACTIVE": 0.9763690391962643,
        "INVALID": 0,
        "MALICIOUS": 0,
        "SANE": 0,
        "VALID": 0,
        "total": 100.93902814388066
    }
}