{
    "counter": {
        "ACTIVE": 148000,
        "INACTIVE": 69,
        "INVALID": 0,
        "MALICIOUS": 0,
        "SANE": 0,
        "VALID": 0,
        "total": 148069
    },
    "percentage": {
        "ACTIVE": 99.95340010400557,
        "INACTIVE": 0.9763690391962643,
        "INVALID": 0,
        "MALICIOUS": 0,
        "SANE": 0,
        "VALID": 0,
        "total": 100.92976914320184
    }
}