{
    "counter": {
        "ACTIVE": 190747,
        "INACTIVE": 69,
        "INVALID": 0,
        "MALICIOUS": 0,
        "SANE": 0,
        "VALID": 0,
        "total": 190816
    },
    "percentage": {
        "ACTIVE": 99.9638395103136,
        "INACTIVE": 0.9763690391962643,
        "INVALID": 0,
        "MALICIOUS": 0,
        "SANE": 0,
        "VALID": 0,
        "total": 100.94020854950988
    }
}