{
    "counter": {
        "ACTIVE": 151628,
        "INACTIVE": 69,
        "INVALID": 0,
        "MALICIOUS": 0,
        "SANE": 0,
        "VALID": 0,
        "total": 151697
    },
    "percentage": {
        "ACTIVE": 99.95451459158717,
        "INACTIVE": 0.9763690391962643,
        "INVALID": 0,
        "MALICIOUS": 0,
        "SANE": 0,
        "VALID": 0,
        "total": 100.93088363078344
    }
}