{
    "counter": {
        "ACTIVE": 181419,
        "INACTIVE": 69,
        "INVALID": 0,
        "MALICIOUS": 0,
        "SANE": 0,
        "VALID": 0,
        "total": 181488
    },
    "percentage": {
        "ACTIVE": 99.96198095741867,
        "INACTIVE": 0.9763690391962643,
        "INVALID": 0,
        "MALICIOUS": 0,
        "SANE": 0,
        "VALID": 0,
        "total": 100.93834999661495
    }
}