{
    "counter": {
        "ACTIVE": 101827,
        "INACTIVE": 69,
        "INVALID": 0,
        "MALICIOUS": 0,
        "SANE": 0,
        "VALID": 0,
        "total": 101896
    },
    "percentage": {
        "ACTIVE": 99.93228389730706,
        "INACTIVE": 0.9763690391962643,
        "INVALID": 0,
        "MALICIOUS": 0,
        "SANE": 0,
        "VALID": 0,
        "total": 100.90865293650333
    }
}