{
    "counter": {
        "ACTIVE": 9415,
        "INACTIVE": 65,
        "INVALID": 0,
        "MALICIOUS": 0,
        "SANE": 0,
        "VALID": 0,
        "total": 9480
    },
    "percentage": {
        "ACTIVE": 99.31434599156118,
        "INACTIVE": 0.6928898838076964,
        "INVALID": 0,
        "MALICIOUS": 0,
        "SANE": 0,
        "VALID": 0,
        "total": 100.00723587536888
    }
}