{
    "counter": {
        "ACTIVE": 114998,
        "INACTIVE": 69,
        "INVALID": 0,
        "MALICIOUS": 0,
        "SANE": 0,
        "VALID": 0,
        "total": 115067
    },
    "percentage": {
        "ACTIVE": 99.94003493616762,
        "INACTIVE": 0.9763690391962643,
        "INVALID": 0,
        "MALICIOUS": 0,
        "SANE": 0,
        "VALID": 0,
        "total": 100.91640397536389
    }
}