{
    "counter": {
        "ACTIVE": 122330,
        "INACTIVE": 69,
        "INVALID": 0,
        "MALICIOUS": 0,
        "SANE": 0,
        "VALID": 0,
        "total": 122399
    },
    "percentage": {
        "ACTIVE": 99.94362699041659,
        "INACTIVE": 0.9763690391962643,
        "INVALID": 0,
        "MALICIOUS": 0,
        "SANE": 0,
        "VALID": 0,
        "total": 100.91999602961286
    }
}