{
    "counter": {
        "Above.com Pty Ltd": 1,
        "Amazon Registrar, Inc.": 1,
        "GoDaddy.com, LLC": 1,
        "total": 3
    },
    "percentage": {
        "Above.com Pty Ltd": 33.333333333333336,
        "Amazon Registrar, Inc.": 33.333333333333336,
        "GoDaddy.com, LLC": 33.333333333333336,
        "total": 100.0
    }
}