{
    "counter": {
        "Above.com Pty Ltd.": 3,
        "Alibaba Cloud Computing (Beijing) Co., Ltd.": 1,
        "Amazon Registrar, Inc.": 2,
        "Annulet LLC": 1,
        "Ascio Technologies, Inc. Danmark - Filial af Ascio technologies, Inc. USA": 1,
        "CSC Corporate Domains, Inc.": 1,
        "DNC Holdings, Inc.": 1,
        "Desert Sand Domains, LLC": 1,
        "Dot Holding Inc.": 1,
        "EuroDNS S.A.": 1,
        "Gandi SAS": 1,
        "GoDaddy.com, LLC": 12,
        "IONOS SE": 1,
        "MarkMonitor Inc.": 1,
        "Name Nelly, LLC": 1,
        "NameCheap, Inc.": 3,
        "Network Solutions, LLC": 1,
        "REG-ACTIVE24": 1,
        "REGRU-RU": 1,
        "RegistryGate GmbH": 1,
        "SNAPNAMES 73, LLC": 1,
        "Sea Wasp, LLC": 1,
        "URL Solutions, Inc.": 1,
        "eNom, LLC": 2,
        "total": 41
    },
    "percentage": {
        "Above.com Pty Ltd.": 7.317073170731708,
        "Alibaba Cloud Computing (Beijing) Co., Ltd.": 2.4390243902439024,
        "Amazon Registrar, Inc.": 4.878048780487805,
        "Annulet LLC": 2.4390243902439024,
        "Ascio Technologies, Inc. Danmark - Filial af Ascio technologies, Inc. USA": 2.4390243902439024,
        "CSC Corporate Domains, Inc.": 2.4390243902439024,
        "DNC Holdings, Inc.": 2.4390243902439024,
        "Desert Sand Domains, LLC": 2.4390243902439024,
        "Dot Holding Inc.": 2.4390243902439024,
        "EuroDNS S.A.": 2.4390243902439024,
        "Gandi SAS": 2.4390243902439024,
        "GoDaddy.com, LLC": 29.26829268292683,
        "IONOS SE": 2.4390243902439024,
        "MarkMonitor Inc.": 2.4390243902439024,
        "Name Nelly, LLC": 2.4390243902439024,
        "NameCheap, Inc.": 7.317073170731708,
        "Network Solutions, LLC": 2.4390243902439024,
        "REG-ACTIVE24": 2.4390243902439024,
        "REGRU-RU": 2.4390243902439024,
        "RegistryGate GmbH": 2.4390243902439024,
        "SNAPNAMES 73, LLC": 2.4390243902439024,
        "Sea Wasp, LLC": 2.4390243902439024,
        "URL Solutions, Inc.": 2.4390243902439024,
        "eNom, LLC": 4.878048780487805,
        "total": 99.99999999999997
    }
}