{
    "counter": {
        "Above.com Pty Ltd.": 1,
        "Amazon Registrar, Inc.": 1,
        "Annulet LLC": 1,
        "CSC Corporate Domains, Inc.": 1,
        "DNC Holdings, Inc.": 1,
        "Desert Sand Domains, LLC": 1,
        "Dot Holding Inc.": 1,
        "EuroDNS S.A.": 1,
        "Gandi SAS": 1,
        "GoDaddy.com, LLC": 9,
        "IONOS SE": 1,
        "MarkMonitor Inc.": 1,
        "Name Nelly, LLC": 1,
        "NameCheap, Inc.": 2,
        "Network Solutions, LLC": 1,
        "REGRU-RU": 1,
        "SNAPNAMES 73, LLC": 1,
        "Sea Wasp, LLC": 1,
        "URL Solutions, Inc.": 1,
        "eNom, LLC": 1,
        "total": 29
    },
    "percentage": {
        "Above.com Pty Ltd.": 3.4482758620689653,
        "Amazon Registrar, Inc.": 3.4482758620689653,
        "Annulet LLC": 3.4482758620689653,
        "CSC Corporate Domains, Inc.": 3.4482758620689653,
        "DNC Holdings, Inc.": 3.4482758620689653,
        "Desert Sand Domains, LLC": 3.4482758620689653,
        "Dot Holding Inc.": 3.4482758620689653,
        "EuroDNS S.A.": 3.4482758620689653,
        "Gandi SAS": 3.4482758620689653,
        "GoDaddy.com, LLC": 31.03448275862069,
        "IONOS SE": 3.4482758620689653,
        "MarkMonitor Inc.": 3.4482758620689653,
        "Name Nelly, LLC": 3.4482758620689653,
        "NameCheap, Inc.": 6.896551724137931,
        "Network Solutions, LLC": 3.4482758620689653,
        "REGRU-RU": 3.4482758620689653,
        "SNAPNAMES 73, LLC": 3.4482758620689653,
        "Sea Wasp, LLC": 3.4482758620689653,
        "URL Solutions, Inc.": 3.4482758620689653,
        "eNom, LLC": 3.4482758620689653,
        "total": 100.00000000000003
    }
}